Date,cape_shiller_pe
1970-01-01 00:00:00.000001881,18.47395230140494
1970-01-01 00:00:00.000001881,18.14725816499023
1970-01-01 00:00:00.000001881,18.27011914020499
1970-01-01 00:00:00.000001881,17.95010827822289
1970-01-01 00:00:00.000001881,18.869718693152592
1970-01-01 00:00:00.000001881,19.02871073111578
1970-01-01 00:00:00.000001881,18.116367187389738
1970-01-01 00:00:00.000001881,17.286243553973446
1970-01-01 00:00:00.000001881,16.724836648772897
1970-01-01 00:00:00.000001881,16.261989411181354
1970-01-01 00:00:00.000001881,16.47864231664487
1970-01-01 00:00:00.000001881,15.958754206105079
1970-01-01 00:00:00.000001882,15.678764160028743
1970-01-01 00:00:00.000001882,15.153861528363038
1970-01-01 00:00:00.000001882,15.091670299486745
1970-01-01 00:00:00.000001882,14.916997168375302
1970-01-01 00:00:00.000001882,14.567103202191758
1970-01-01 00:00:00.000001882,14.327404890131673
1970-01-01 00:00:00.000001882,15.240559761217828
1970-01-01 00:00:00.000001882,15.525429331463034
1970-01-01 00:00:00.000001882,16.081106624462315
1970-01-01 00:00:00.000001882,15.75558103052656
1970-01-01 00:00:00.000001882,15.192670313165339
1970-01-01 00:00:00.000001882,15.382128332081967
1970-01-01 00:00:00.000001883,15.27025911909857
1970-01-01 00:00:00.000001883,14.75759014617622
1970-01-01 00:00:00.000001883,15.05125412140164
1970-01-01 00:00:00.000001883,15.482067222036674
1970-01-01 00:00:00.000001883,15.335497637337067
1970-01-01 00:00:00.000001883,15.903388388583796
1970-01-01 00:00:00.000001883,15.948783127017029
1970-01-01 00:00:00.000001883,15.196810876629849
1970-01-01 00:00:00.000001883,15.494692425793458
1970-01-01 00:00:00.000001883,15.048056270223839
1970-01-01 00:00:00.000001883,15.408218142448874
1970-01-01 00:00:00.000001883,14.896403941887169
1970-01-01 00:00:00.000001884,14.432821721970727
1970-01-01 00:00:00.000001884,14.805960228816714
1970-01-01 00:00:00.000001884,14.736023454014473
1970-01-01 00:00:00.000001884,14.353453682579477
1970-01-01 00:00:00.000001884,13.46505031380491
1970-01-01 00:00:00.000001884,12.906876483666865
1970-01-01 00:00:00.000001884,13.043931585991672
1970-01-01 00:00:00.000001884,13.859813341769325
1970-01-01 00:00:00.000001884,13.569154744335725
1970-01-01 00:00:00.000001884,13.27325131913416
1970-01-01 00:00:00.000001884,13.304437602119732
1970-01-01 00:00:00.000001884,13.432292746944762
1970-01-01 00:00:00.000001885,13.129817425635967
1970-01-01 00:00:00.000001885,13.384817593597964
1970-01-01 00:00:00.000001885,13.734194093452514
1970-01-01 00:00:00.000001885,13.54854854103006
1970-01-01 00:00:00.000001885,13.71137187256194
1970-01-01 00:00:00.000001885,13.978784368698355
1970-01-01 00:00:00.000001885,14.32665877708933
1970-01-01 00:00:00.000001885,15.130410796707158
1970-01-01 00:00:00.000001885,15.11628502872425
1970-01-01 00:00:00.000001885,15.991023962168986
1970-01-01 00:00:00.000001885,16.824034498619024
1970-01-01 00:00:00.000001885,16.30447595227853
1970-01-01 00:00:00.000001886,16.69231747079766
1970-01-01 00:00:00.000001886,17.006648259461006
1970-01-01 00:00:00.000001886,16.843266101570144
1970-01-01 00:00:00.000001886,16.801716131246312
1970-01-01 00:00:00.000001886,16.86319551509784
1970-01-01 00:00:00.000001886,17.83149405537689
1970-01-01 00:00:00.000001886,17.84584504153222
1970-01-01 00:00:00.000001886,17.72391279961928
1970-01-01 00:00:00.000001886,18.147143925800037
1970-01-01 00:00:00.000001886,18.562381342866576
1970-01-01 00:00:00.000001886,18.968312634942848
1970-01-01 00:00:00.000001886,18.19405755688645
1970-01-01 00:00:00.000001887,17.512222096304964
1970-01-01 00:00:00.000001887,17.125366596972327
1970-01-01 00:00:00.000001887,17.473213711513765
1970-01-01 00:00:00.000001887,17.822983639100723
1970-01-01 00:00:00.000001887,18.075445427458252
1970-01-01 00:00:00.000001887,17.707695663272997
1970-01-01 00:00:00.000001887,17.431460535613088
1970-01-01 00:00:00.000001887,16.73984961482072
1970-01-01 00:00:00.000001887,16.676629667380155
1970-01-01 00:00:00.000001887,15.880666812517322
1970-01-01 00:00:00.000001887,15.950712201066784
1970-01-01 00:00:00.000001887,15.455513454469953
1970-01-01 00:00:00.000001888,15.358662514259917
1970-01-01 00:00:00.000001888,15.418178318820546
1970-01-01 00:00:00.000001888,14.808972366946579
1970-01-01 00:00:00.000001888,15.020108681844473
1970-01-01 00:00:00.000001888,15.38791695722914
1970-01-01 00:00:00.000001888,15.077628818434698
1970-01-01 00:00:00.000001888,15.279642515498182
1970-01-01 00:00:00.000001888,15.602911670088815
1970-01-01 00:00:00.000001888,15.987828821761426
1970-01-01 00:00:00.000001888,15.715941874329712
1970-01-01 00:00:00.000001888,15.22374901694629
1970-01-01 00:00:00.000001888,14.946748301089235
1970-01-01 00:00:00.000001889,15.802286071028167
1970-01-01 00:00:00.000001889,16.192720447849002
1970-01-01 00:00:00.000001889,16.065045360769297
1970-01-01 00:00:00.000001889,16.050104533967488
1970-01-01 00:00:00.000001889,16.915421076068384
1970-01-01 00:00:00.000001889,17.21930294394769
1970-01-01 00:00:00.000001889,16.889214491107516
1970-01-01 00:00:00.000001889,17.131853975345734
1970-01-01 00:00:00.000001889,17.3507880263486
1970-01-01 00:00:00.000001889,17.053214402955494
1970-01-01 00:00:00.000001889,16.90602117024937
1970-01-01 00:00:00.000001889,16.61033807660339
1970-01-01 00:00:00.000001890,17.220071982181903
1970-01-01 00:00:00.000001890,17.02681498267141
1970-01-01 00:00:00.000001890,16.90112228858991
1970-01-01 00:00:00.000001890,17.257854542603198
1970-01-01 00:00:00.000001890,17.786430487858624
1970-01-01 00:00:00.000001890,17.684360844450165
1970-01-01 00:00:00.000001890,17.589295440864863
1970-01-01 00:00:00.000001890,16.5967911339791
1970-01-01 00:00:00.000001890,16.16970200061531
1970-01-01 00:00:00.000001890,15.48284916334444
1970-01-01 00:00:00.000001890,14.745043493292805
1970-01-01 00:00:00.000001890,14.442991231338441
1970-01-01 00:00:00.000001891,15.428980086469101
1970-01-01 00:00:00.000001891,15.476522332432543
1970-01-01 00:00:00.000001891,15.051623357657386
1970-01-01 00:00:00.000001891,15.408945125474125
1970-01-01 00:00:00.000001891,15.566495230713256
1970-01-01 00:00:00.000001891,15.658211395638151
1970-01-01 00:00:00.000001891,15.617919238645992
1970-01-01 00:00:00.000001891,16.16399850996304
1970-01-01 00:00:00.000001891,17.71126141325653
1970-01-01 00:00:00.000001891,17.71656858982637
1970-01-01 00:00:00.000001891,17.671739174764006
1970-01-01 00:00:00.000001891,18.20630300020994
1970-01-01 00:00:00.000001892,19.016388404225278
1970-01-01 00:00:00.000001892,19.03642504097844
1970-01-01 00:00:00.000001892,19.738054849323017
1970-01-01 00:00:00.000001892,19.943265241638652
1970-01-01 00:00:00.000001892,19.911465213489812
1970-01-01 00:00:00.000001892,19.769284397136747
1970-01-01 00:00:00.000001892,19.21188643450556
1970-01-01 00:00:00.000001892,19.204303803173826
1970-01-01 00:00:00.000001892,18.6942718095882
1970-01-01 00:00:00.000001892,19.04021491532471
1970-01-01 00:00:00.000001892,18.463312690800002
1970-01-01 00:00:00.000001892,18.01300925127574
1970-01-01 00:00:00.000001893,17.65664370809878
1970-01-01 00:00:00.000001893,17.125193854872453
1970-01-01 00:00:00.000001893,16.899589031582327
1970-01-01 00:00:00.000001893,17.102541578254918
1970-01-01 00:00:00.000001893,15.78098731077625
1970-01-01 00:00:00.000001893,15.41650386359769
1970-01-01 00:00:00.000001893,14.349854182760948
1970-01-01 00:00:00.000001893,14.58805653580781
1970-01-01 00:00:00.000001893,15.012069079138762
1970-01-01 00:00:00.000001893,15.271794153520183
1970-01-01 00:00:00.000001893,15.942411400571672
1970-01-01 00:00:00.000001893,15.612694335464933
1970-01-01 00:00:00.000001894,15.739869351948219
1970-01-01 00:00:00.000001894,16.20273659644992
1970-01-01 00:00:00.000001894,17.187622088121927
1970-01-01 00:00:00.000001894,17.434849078052448
1970-01-01 00:00:00.000001894,16.808751920918002
1970-01-01 00:00:00.000001894,16.60631969529252
1970-01-01 00:00:00.000001894,16.289679714916947
1970-01-01 00:00:00.000001894,16.45777707299836
1970-01-01 00:00:00.000001894,16.522315444877208
1970-01-01 00:00:00.000001894,16.50290420570842
1970-01-01 00:00:00.000001894,16.542784447444543
1970-01-01 00:00:00.000001894,16.67246633376772
1970-01-01 00:00:00.000001895,16.524443935162704
1970-01-01 00:00:00.000001895,16.3312376932114
1970-01-01 00:00:00.000001895,16.36462542717479
1970-01-01 00:00:00.000001895,16.387543823686293
1970-01-01 00:00:00.000001895,17.080369553382383
1970-01-01 00:00:00.000001895,17.20741353978338
1970-01-01 00:00:00.000001895,17.54601464874055
1970-01-01 00:00:00.000001895,18.074072547241787
1970-01-01 00:00:00.000001895,18.200335946605456
1970-01-01 00:00:00.000001895,17.944706622466466
1970-01-01 00:00:00.000001895,17.342998991921686
1970-01-01 00:00:00.000001895,16.54841515666795
1970-01-01 00:00:00.000001896,16.576224828568176
1970-01-01 00:00:00.000001896,17.515403352637264
1970-01-01 00:00:00.000001896,17.232362712298603
1970-01-01 00:00:00.000001896,17.643699378129995
1970-01-01 00:00:00.000001896,17.82826689423282
1970-01-01 00:00:00.000001896,17.777578616430457
1970-01-01 00:00:00.000001896,16.637100103394577
1970-01-01 00:00:00.000001896,15.70337054622687
1970-01-01 00:00:00.000001896,16.544339943032014
1970-01-01 00:00:00.000001896,16.43886680472588
1970-01-01 00:00:00.000001896,17.089425242371114
1970-01-01 00:00:00.000001896,16.501404180590086
1970-01-01 00:00:00.000001897,17.026521282380553
1970-01-01 00:00:00.000001897,16.89402588325409
1970-01-01 00:00:00.000001897,16.95803071672104
1970-01-01 00:00:00.000001897,16.69685743473466
1970-01-01 00:00:00.000001897,17.047755129229383
1970-01-01 00:00:00.000001897,17.85049728069061
1970-01-01 00:00:00.000001897,18.651975755820285
1970-01-01 00:00:00.000001897,19.006396010519442
1970-01-01 00:00:00.000001897,19.372370293397793
1970-01-01 00:00:00.000001897,19.02803122390242
1970-01-01 00:00:00.000001897,18.358448098050218
1970-01-01 00:00:00.000001897,18.748757662525502
1970-01-01 00:00:00.000001898,19.249000021813753
1970-01-01 00:00:00.000001898,18.91813188800214
1970-01-01 00:00:00.000001898,18.04217492346868
1970-01-01 00:00:00.000001898,17.705089426411774
1970-01-01 00:00:00.000001898,17.595635274512816
1970-01-01 00:00:00.000001898,19.544817480547998
1970-01-01 00:00:00.000001898,19.858943014167306
1970-01-01 00:00:00.000001898,20.544915179153282
1970-01-01 00:00:00.000001898,20.4427328626913
1970-01-01 00:00:00.000001898,19.94719982577366
1970-01-01 00:00:00.000001898,20.5274163248113
1970-01-01 00:00:00.000001898,21.403631985448186
1970-01-01 00:00:00.000001899,22.932807416487183
1970-01-01 00:00:00.000001899,23.048117549980198
1970-01-01 00:00:00.000001899,23.279682245508727
1970-01-01 00:00:00.000001899,23.152421525686492
1970-01-01 00:00:00.000001899,22.091269360834193
1970-01-01 00:00:00.000001899,21.21209192504684
1970-01-01 00:00:00.000001899,21.561425634523125
1970-01-01 00:00:00.000001899,21.72623737305546
1970-01-01 00:00:00.000001899,20.59114051411378
1970-01-01 00:00:00.000001899,20.153713460686614
1970-01-01 00:00:00.000001899,20.1964575208023
1970-01-01 00:00:00.000001899,18.512649643600202
1970-01-01 00:00:00.000001900,18.674275362444785
1970-01-01 00:00:00.000001900,18.70379741725144
1970-01-01 00:00:00.000001900,18.775793421238376
1970-01-01 00:00:00.000001900,18.93640203332273
1970-01-01 00:00:00.000001900,18.403197016950415
1970-01-01 00:00:00.000001900,17.99271158430398
1970-01-01 00:00:00.000001900,17.689545468952804
1970-01-01 00:00:00.000001900,18.069614666784194
1970-01-01 00:00:00.000001900,17.34187415122471
1970-01-01 00:00:00.000001900,18.102398784556055
1970-01-01 00:00:00.000001900,19.419584603760757
1970-01-01 00:00:00.000001900,20.74405116087085
1970-01-01 00:00:00.000001901,20.978581834536193
1970-01-01 00:00:00.000001901,21.679149848206194
1970-01-01 00:00:00.000001901,22.34758395068385
1970-01-01 00:00:00.000001901,24.409716994827217
1970-01-01 00:00:00.000001901,23.064012684863563
1970-01-01 00:00:00.000001901,25.238466205960346
1970-01-01 00:00:00.000001901,23.144848553708112
1970-01-01 00:00:00.000001901,23.07717771384438
1970-01-01 00:00:00.000001901,22.590468316860246
1970-01-01 00:00:00.000001901,22.252901618408934
1970-01-01 00:00:00.000001901,22.375074777652806
1970-01-01 00:00:00.000001901,21.68021514102968
1970-01-01 00:00:00.000001902,22.34029079603357
1970-01-01 00:00:00.000001902,22.459957452460408
1970-01-01 00:00:00.000001902,22.410652288217346
1970-01-01 00:00:00.000001902,22.823108698497855
1970-01-01 00:00:00.000001902,22.427954493329803
1970-01-01 00:00:00.000001902,21.963742295514628
1970-01-01 00:00:00.000001902,22.385686589401377
1970-01-01 00:00:00.000001902,23.168671834092873
1970-01-01 00:00:00.000001902,22.85656638195451
1970-01-01 00:00:00.000001902,20.604425401859817
1970-01-01 00:00:00.000001902,20.408541255072187
1970-01-01 00:00:00.000001902,19.63323212682385
1970-01-01 00:00:00.000001903,20.3181320538285
1970-01-01 00:00:00.000001903,20.107051517552808
1970-01-01 00:00:00.000001903,19.88456038487284
1970-01-01 00:00:00.000001903,18.980022601826267
1970-01-01 00:00:00.000001903,18.95485872303988
1970-01-01 00:00:00.000001903,17.81855172296852
1970-01-01 00:00:00.000001903,16.91817841476666
1970-01-01 00:00:00.000001903,16.2991187909035
1970-01-01 00:00:00.000001903,15.65435911519692
1970-01-01 00:00:00.000001903,15.252943825778841
1970-01-01 00:00:00.000001903,15.407877534297898
1970-01-01 00:00:00.000001903,16.042894140050144
1970-01-01 00:00:00.000001904,15.861833914033642
1970-01-01 00:00:00.000001904,15.02149838033144
1970-01-01 00:00:00.000001904,15.081930176258867
1970-01-01 00:00:00.000001904,15.565490611691484
1970-01-01 00:00:00.000001904,15.52582089625464
1970-01-01 00:00:00.000001904,15.474433638652657
1970-01-01 00:00:00.000001904,16.036401629624113
1970-01-01 00:00:00.000001904,16.304651978851034
1970-01-01 00:00:00.000001904,16.74260004916369
1970-01-01 00:00:00.000001904,17.633197370821403
1970-01-01 00:00:00.000001904,18.07620022377007
1970-01-01 00:00:00.000001904,18.159679118703203
1970-01-01 00:00:00.000001905,18.459852032455853
1970-01-01 00:00:00.000001905,19.168996375829835
1970-01-01 00:00:00.000001905,19.831506074218424
1970-01-01 00:00:00.000001905,19.48292752471129
1970-01-01 00:00:00.000001905,18.62948750984513
1970-01-01 00:00:00.000001905,18.735862386183538
1970-01-01 00:00:00.000001905,19.205883309548053
1970-01-01 00:00:00.000001905,19.573308430803724
1970-01-01 00:00:00.000001905,19.74349241969778
1970-01-01 00:00:00.000001905,19.897394814329534
1970-01-01 00:00:00.000001905,19.443525693264984
1970-01-01 00:00:00.000001905,19.577960809096112
1970-01-01 00:00:00.000001906,20.132402260807893
1970-01-01 00:00:00.000001906,19.866752563675888
1970-01-01 00:00:00.000001906,19.25945302085411
1970-01-01 00:00:00.000001906,18.87620499611588
1970-01-01 00:00:00.000001906,18.054044460926395
1970-01-01 00:00:00.000001906,18.172666376497496
1970-01-01 00:00:00.000001906,18.19520014351375
1970-01-01 00:00:00.000001906,18.967251477549294
1970-01-01 00:00:00.000001906,19.20099368200136
1970-01-01 00:00:00.000001906,18.095380908869096
1970-01-01 00:00:00.000001906,18.141851654007958
1970-01-01 00:00:00.000001906,17.660003667768652
1970-01-01 00:00:00.000001907,17.218913853705978
1970-01-01 00:00:00.000001907,16.217071288766146
1970-01-01 00:00:00.000001907,14.687545255978645
1970-01-01 00:00:00.000001907,14.66970990560273
1970-01-01 00:00:00.000001907,13.79010715342424
1970-01-01 00:00:00.000001907,13.144269952673199
1970-01-01 00:00:00.000001907,13.585007357961837
1970-01-01 00:00:00.000001907,12.513471604446607
1970-01-01 00:00:00.000001907,12.328569657736622
1970-01-01 00:00:00.000001907,10.831840153050601
1970-01-01 00:00:00.000001907,10.59117755918978
1970-01-01 00:00:00.000001907,11.333306235811166
1970-01-01 00:00:00.000001908,11.902968628266972
1970-01-01 00:00:00.000001908,11.55484629514479
1970-01-01 00:00:00.000001908,11.984662664464292
1970-01-01 00:00:00.000001908,12.448889158370363
1970-01-01 00:00:00.000001908,13.078451355438341
1970-01-01 00:00:00.000001908,13.051684129229988
1970-01-01 00:00:00.000001908,13.3454871048344
1970-01-01 00:00:00.000001908,13.88423289520861
1970-01-01 00:00:00.000001908,13.701442268825113
1970-01-01 00:00:00.000001908,13.690810359178709
1970-01-01 00:00:00.000001908,14.435014091256262
1970-01-01 00:00:00.000001908,14.582482908962438
1970-01-01 00:00:00.000001909,14.76441845644136
1970-01-01 00:00:00.000001909,14.167157516701366
1970-01-01 00:00:00.000001909,14.33605838058622
1970-01-01 00:00:00.000001909,14.645198603086122
1970-01-01 00:00:00.000001909,14.953509786582782
1970-01-01 00:00:00.000001909,15.040444676080996
1970-01-01 00:00:00.000001909,15.231503240497684
1970-01-01 00:00:00.000001909,15.417580706254759
1970-01-01 00:00:00.000001909,15.25444643682118
1970-01-01 00:00:00.000001909,14.988845296121768
1970-01-01 00:00:00.000001909,14.74563117682459
1970-01-01 00:00:00.000001909,14.750638489265036
1970-01-01 00:00:00.000001910,14.547885040564148
1970-01-01 00:00:00.000001910,14.002037903032702
1970-01-01 00:00:00.000001910,14.050006965077824
1970-01-01 00:00:00.000001910,13.559883620820079
1970-01-01 00:00:00.000001910,13.568792287251453
1970-01-01 00:00:00.000001910,13.019657302315943
1970-01-01 00:00:00.000001910,12.34258125998522
1970-01-01 00:00:00.000001910,12.745055150886254
1970-01-01 00:00:00.000001910,12.937161101070847
1970-01-01 00:00:00.000001910,13.918866656445815
1970-01-01 00:00:00.000001910,14.164523175780351
1970-01-01 00:00:00.000001910,13.74147841778155
1970-01-01 00:00:00.000001911,14.049215181401202
1970-01-01 00:00:00.000001911,14.721488469928302
1970-01-01 00:00:00.000001911,14.370623221979534
1970-01-01 00:00:00.000001911,14.752935420329353
1970-01-01 00:00:00.000001911,15.047660591685043
1970-01-01 00:00:00.000001911,15.328355684719284
1970-01-01 00:00:00.000001911,15.08311057870027
1970-01-01 00:00:00.000001911,13.899790665654447
1970-01-01 00:00:00.000001911,12.997953983252437
1970-01-01 00:00:00.000001911,13.066472850619194
1970-01-01 00:00:00.000001911,13.727997586413094
1970-01-01 00:00:00.000001911,13.929258419578236
1970-01-01 00:00:00.000001912,13.794952631845822
1970-01-01 00:00:00.000001912,13.531634369686595
1970-01-01 00:00:00.000001912,13.639769173944167
1970-01-01 00:00:00.000001912,13.654392690553232
1970-01-01 00:00:00.000001912,13.645500685612367
1970-01-01 00:00:00.000001912,13.785417404502525
1970-01-01 00:00:00.000001912,13.802876645015786
1970-01-01 00:00:00.000001912,13.984761763426272
1970-01-01 00:00:00.000001912,13.92628500131587
1970-01-01 00:00:00.000001912,13.905092701178463
1970-01-01 00:00:00.000001912,13.74954101860653
1970-01-01 00:00:00.000001912,13.388999452579629
1970-01-01 00:00:00.000001913,13.148088791761557
1970-01-01 00:00:00.000001913,12.682960516236756
1970-01-01 00:00:00.000001913,12.443453515183657
1970-01-01 00:00:00.000001913,12.433067081795162
1970-01-01 00:00:00.000001913,12.221401061154124
1970-01-01 00:00:00.000001913,11.491962852761224
1970-01-01 00:00:00.000001913,11.534022795459858
1970-01-01 00:00:00.000001913,11.846840543564626
1970-01-01 00:00:00.000001913,11.843316826625973
1970-01-01 00:00:00.000001913,11.471490240312288
1970-01-01 00:00:00.000001913,11.072537845038006
1970-01-01 00:00:00.000001913,11.17404087003679
1970-01-01 00:00:00.000001914,11.636092105046133
1970-01-01 00:00:00.000001914,11.910233879798238
1970-01-01 00:00:00.000001914,11.685526018836827
1970-01-01 00:00:00.000001914,11.522662536200235
1970-01-01 00:00:00.000001914,11.47900869416448
1970-01-01 00:00:00.000001914,11.428715168831886
1970-01-01 00:00:00.000001914,10.694345183040136
1970-01-01 00:00:00.000001914,10.492046265076436
1970-01-01 00:00:00.000001914,10.500497301802131
1970-01-01 00:00:00.000001914,10.61275946612622
1970-01-01 00:00:00.000001914,10.51691764299212
1970-01-01 00:00:00.000001914,10.172217991997861
1970-01-01 00:00:00.000001915,10.359834197757266
1970-01-01 00:00:00.000001915,10.32978620966069
1970-01-01 00:00:00.000001915,10.70701318868281
1970-01-01 00:00:00.000001915,11.401123789000183
1970-01-01 00:00:00.000001915,11.02692987647131
1970-01-01 00:00:00.000001915,11.154262189096338
1970-01-01 00:00:00.000001915,11.1136293939496
1970-01-01 00:00:00.000001915,11.584831641604596
1970-01-01 00:00:00.000001915,12.011570757825888
1970-01-01 00:00:00.000001915,12.549076133220147
1970-01-01 00:00:00.000001915,12.857714453559307
1970-01-01 00:00:00.000001915,12.878444602185981
1970-01-01 00:00:00.000001916,12.543563692516168
1970-01-01 00:00:00.000001916,12.354652326458789
1970-01-01 00:00:00.000001916,12.177052795748478
1970-01-01 00:00:00.000001916,11.906481776593179
1970-01-01 00:00:00.000001916,12.026256671905157
1970-01-01 00:00:00.000001916,11.995961222946578
1970-01-01 00:00:00.000001916,11.791165275254547
1970-01-01 00:00:00.000001916,11.73208263887416
1970-01-01 00:00:00.000001916,11.94455241750447
1970-01-01 00:00:00.000001916,12.045741763370797
1970-01-01 00:00:00.000001916,12.053230403230497
1970-01-01 00:00:00.000001916,11.41355918884949
1970-01-01 00:00:00.000001917,10.992361427383424
1970-01-01 00:00:00.000001917,10.063187738735728
1970-01-01 00:00:00.000001917,10.327157080107876
1970-01-01 00:00:00.000001917,9.644531197281234
1970-01-01 00:00:00.000001917,9.138988813373578
1970-01-01 00:00:00.000001917,9.148220259539583
1970-01-01 00:00:00.000001917,9.003472377228805
1970-01-01 00:00:00.000001917,8.57268046675378
1970-01-01 00:00:00.000001917,7.950823264217066
1970-01-01 00:00:00.000001917,7.387133711108147
1970-01-01 00:00:00.000001917,6.753013604774308
1970-01-01 00:00:00.000001917,6.412593898119818
1970-01-01 00:00:00.000001918,6.640646028655352
1970-01-01 00:00:00.000001918,6.784343551630282
1970-01-01 00:00:00.000001918,6.686355760455894
1970-01-01 00:00:00.000001918,6.520727730547159
1970-01-01 00:00:00.000001918,6.5823632316210805
1970-01-01 00:00:00.000001918,6.496291318641057
1970-01-01 00:00:00.000001918,6.371324093848989
1970-01-01 00:00:00.000001918,6.303073760914594
1970-01-01 00:00:00.000001918,6.149170562431681
1970-01-01 00:00:00.000001918,6.290515321191322
1970-01-01 00:00:00.000001918,6.3333274953541565
1970-01-01 00:00:00.000001918,6.134580411283435
1970-01-01 00:00:00.000001919,6.098467639950106
1970-01-01 00:00:00.000001919,6.2396927713649815
1970-01-01 00:00:00.000001919,6.3560740048691455
1970-01-01 00:00:00.000001919,6.456139555819275
1970-01-01 00:00:00.000001919,6.829002261482033
1970-01-01 00:00:00.000001919,7.021615214784134
1970-01-01 00:00:00.000001919,7.052837165446312
1970-01-01 00:00:00.000001919,6.4791311017052795
1970-01-01 00:00:00.000001919,6.558481672061264
1970-01-01 00:00:00.000001919,6.794704199949302
1970-01-01 00:00:00.000001919,6.467022574133132
1970-01-01 00:00:00.000001919,6.160717033799176
1970-01-01 00:00:00.000001920,5.9896677711394375
1970-01-01 00:00:00.000001920,5.455347649907771
1970-01-01 00:00:00.000001920,5.798822727557157
1970-01-01 00:00:00.000001920,5.599858725506185
1970-01-01 00:00:00.000001920,5.188950462047495
1970-01-01 00:00:00.000001920,5.043639680451618
1970-01-01 00:00:00.000001920,5.080592919540795
1970-01-01 00:00:00.000001920,5.0207010779228565
1970-01-01 00:00:00.000001920,5.297162770108058
1970-01-01 00:00:00.000001920,5.351177393424155
1970-01-01 00:00:00.000001920,5.126407930947925
1970-01-01 00:00:00.000001920,4.784241045083248
1970-01-01 00:00:00.000001921,5.122184146887374
1970-01-01 00:00:00.000001921,5.274857191205047
1970-01-01 00:00:00.000001921,5.192348158684177
1970-01-01 00:00:00.000001921,5.297085922739674
1970-01-01 00:00:00.000001921,5.609469225330775
1970-01-01 00:00:00.000001921,5.21611096098932
1970-01-01 00:00:00.000001921,5.197779361905469
1970-01-01 00:00:00.000001921,5.16129482321573
1970-01-01 00:00:00.000001921,5.3775244254582555
1970-01-01 00:00:00.000001921,5.4792576780533455
1970-01-01 00:00:00.000001921,5.83819699320089
1970-01-01 00:00:00.000001921,6.11415884941727
1970-01-01 00:00:00.000001922,6.287087290347128
1970-01-01 00:00:00.000001922,6.4613058726969825
1970-01-01 00:00:00.000001922,6.82138724903604
1970-01-01 00:00:00.000001922,7.273253390209859
1970-01-01 00:00:00.000001922,7.593467258919378
1970-01-01 00:00:00.000001922,7.557987351755127
1970-01-01 00:00:00.000001922,7.602095045774032
1970-01-01 00:00:00.000001922,8.020030689895775
1970-01-01 00:00:00.000001922,8.265083002284303
1970-01-01 00:00:00.000001922,8.432151998761896
1970-01-01 00:00:00.000001922,7.998253772269837
1970-01-01 00:00:00.000001922,7.964679864939999
1970-01-01 00:00:00.000001923,8.154200483069156
1970-01-01 00:00:00.000001923,8.533360579065967
1970-01-01 00:00:00.000001923,8.700737500978533
1970-01-01 00:00:00.000001923,8.372809668463814
1970-01-01 00:00:00.000001923,8.00049786759821
1970-01-01 00:00:00.000001923,7.671825282673079
1970-01-01 00:00:00.000001923,7.34598511949065
1970-01-01 00:00:00.000001923,7.44178317421737
1970-01-01 00:00:00.000001923,7.458183867189794
1970-01-01 00:00:00.000001923,7.317400395621481
1970-01-01 00:00:00.000001923,7.546327911916236
1970-01-01 00:00:00.000001923,7.809739144938745
1970-01-01 00:00:00.000001924,8.07224944603738
1970-01-01 00:00:00.000001924,8.16206622085036
1970-01-01 00:00:00.000001924,8.058077044116095
1970-01-01 00:00:00.000001924,7.923620348327982
1970-01-01 00:00:00.000001924,7.899698330665295
1970-01-01 00:00:00.000001924,8.051676946396649
1970-01-01 00:00:00.000001924,8.377712139971836
1970-01-01 00:00:00.000001924,8.717418308548332
1970-01-01 00:00:00.000001924,8.581670375209054
1970-01-01 00:00:00.000001924,8.419491035872428
1970-01-01 00:00:00.000001924,8.888327361250973
1970-01-01 00:00:00.000001924,9.310639680416376
1970-01-01 00:00:00.000001925,9.692618852254997
1970-01-01 00:00:00.000001925,9.830804722819575
1970-01-01 00:00:00.000001925,9.518537538810032
1970-01-01 00:00:00.000001925,9.476566787903069
1970-01-01 00:00:00.000001925,9.72900769402133
1970-01-01 00:00:00.000001925,9.796386180450611
1970-01-01 00:00:00.000001925,9.963993891787798
1970-01-01 00:00:00.000001925,10.11091845848894
1970-01-01 00:00:00.000001925,10.3592476113485
1970-01-01 00:00:00.000001925,10.718495997022927
1970-01-01 00:00:00.000001925,10.88631744030793
1970-01-01 00:00:00.000001925,11.14736523913725
1970-01-01 00:00:00.000001926,11.340966188506233
1970-01-01 00:00:00.000001926,11.389435672748007
1970-01-01 00:00:00.000001926,10.712352062732482
1970-01-01 00:00:00.000001926,10.395587685954728
1970-01-01 00:00:00.000001926,10.575158463806096
1970-01-01 00:00:00.000001926,11.197979740229954
1970-01-01 00:00:00.000001926,11.869694058481278
1970-01-01 00:00:00.000001926,12.488808219521875
1970-01-01 00:00:00.000001926,12.692614823344718
1970-01-01 00:00:00.000001926,12.426517521583348
1970-01-01 00:00:00.000001926,12.615251212344482
1970-01-01 00:00:00.000001926,13.009052728993133
1970-01-01 00:00:00.000001927,13.185930628677792
1970-01-01 00:00:00.000001927,13.633966132216212
1970-01-01 00:00:00.000001927,14.033257507604494
1970-01-01 00:00:00.000001927,14.488222209157056
1970-01-01 00:00:00.000001927,15.002347055737118
1970-01-01 00:00:00.000001927,15.12033348174753
1970-01-01 00:00:00.000001927,15.820802594477753
1970-01-01 00:00:00.000001927,16.86286185276381
1970-01-01 00:00:00.000001927,17.818723713516423
1970-01-01 00:00:00.000001927,17.53723785226109
1970-01-01 00:00:00.000001927,18.13130143495243
1970-01-01 00:00:00.000001927,18.646624021402527
1970-01-01 00:00:00.000001928,18.80612857170077
1970-01-01 00:00:00.000001928,18.86885051958404
1970-01-01 00:00:00.000001928,19.94341779906454
1970-01-01 00:00:00.000001928,21.257909249487497
1970-01-01 00:00:00.000001928,21.83273217874003
1970-01-01 00:00:00.000001928,20.913421576866707
1970-01-01 00:00:00.000001928,21.081905435296793
1970-01-01 00:00:00.000001928,21.76213150257924
1970-01-01 00:00:00.000001928,23.004649446159235
1970-01-01 00:00:00.000001928,23.578344239585043
1970-01-01 00:00:00.000001928,25.121984571109593
1970-01-01 00:00:00.000001928,25.301591027426145
1970-01-01 00:00:00.000001929,27.083199620832772
1970-01-01 00:00:00.000001929,27.13167279824738
1970-01-01 00:00:00.000001929,27.67574843786188
1970-01-01 00:00:00.000001929,27.5684544728983
1970-01-01 00:00:00.000001929,27.698586875008132
1970-01-01 00:00:00.000001929,27.935467830288687
1970-01-01 00:00:00.000001929,29.933289406842214
1970-01-01 00:00:00.000001929,31.480313247173004
1970-01-01 00:00:00.000001929,32.5637885987767
1970-01-01 00:00:00.000001929,28.96106716435479
1970-01-01 00:00:00.000001929,21.17103600009704
1970-01-01 00:00:00.000001929,22.007373176418334
1970-01-01 00:00:00.000001930,22.310724294336847
1970-01-01 00:00:00.000001930,23.69711774933588
1970-01-01 00:00:00.000001930,24.58660779266885
1970-01-01 00:00:00.000001930,25.843436862018308
1970-01-01 00:00:00.000001930,24.309760633908166
1970-01-01 00:00:00.000001930,21.866899333389473
1970-01-01 00:00:00.000001930,21.548797592546645
1970-01-01 00:00:00.000001930,21.300602241118145
1970-01-01 00:00:00.000001930,21.07258178844731
1970-01-01 00:00:00.000001930,18.214870154658627
1970-01-01 00:00:00.000001930,16.93971137777516
1970-01-01 00:00:00.000001930,16.05500185653132
1970-01-01 00:00:00.000001931,16.705478731547604
1970-01-01 00:00:00.000001931,18.161492436976086
1970-01-01 00:00:00.000001931,18.579561032791283
1970-01-01 00:00:00.000001931,16.87231533160966
1970-01-01 00:00:00.000001931,15.401539999110106
1970-01-01 00:00:00.000001931,15.062476074643241
1970-01-01 00:00:00.000001931,15.516750095516311
1970-01-01 00:00:00.000001931,15.006276602886537
1970-01-01 00:00:00.000001931,12.81774526110688
1970-01-01 00:00:00.000001931,11.145926407660927
1970-01-01 00:00:00.000001931,11.415600295644674
1970-01-01 00:00:00.000001931,9.306032867968314
1970-01-01 00:00:00.000001932,9.312406455177843
1970-01-01 00:00:00.000001932,9.3369322510084
1970-01-01 00:00:00.000001932,9.413065028012209
1970-01-01 00:00:00.000001932,7.192233196115484
1970-01-01 00:00:00.000001932,6.390857289881442
1970-01-01 00:00:00.000001932,5.565059371528964
1970-01-01 00:00:00.000001932,5.838763671851199
1970-01-01 00:00:00.000001932,8.83465320518121
1970-01-01 00:00:00.000001932,9.761168564063706
1970-01-01 00:00:00.000001932,8.478606607689082
1970-01-01 00:00:00.000001932,8.463309567122897
1970-01-01 00:00:00.000001932,8.25707399910068
1970-01-01 00:00:00.000001933,8.728046162813529
1970-01-01 00:00:00.000001933,7.826051751316596
1970-01-01 00:00:00.000001933,7.874681322943168
1970-01-01 00:00:00.000001933,8.723101646068113
1970-01-01 00:00:00.000001933,11.249651251932447
1970-01-01 00:00:00.000001933,13.098875517269521
1970-01-01 00:00:00.000001933,13.754304493874534
1970-01-01 00:00:00.000001933,12.999527050367737
1970-01-01 00:00:00.000001933,12.922920614885996
1970-01-01 00:00:00.000001933,11.696253568143696
1970-01-01 00:00:00.000001933,12.01176619338994
1970-01-01 00:00:00.000001933,12.281801622601119
1970-01-01 00:00:00.000001934,13.02511982833238
1970-01-01 00:00:00.000001934,13.926922904274301
1970-01-01 00:00:00.000001934,13.25453762974009
1970-01-01 00:00:00.000001934,13.518389284490098
1970-01-01 00:00:00.000001934,12.181583235024027
1970-01-01 00:00:00.000001934,12.287726483952428
1970-01-01 00:00:00.000001934,11.741524229318248
1970-01-01 00:00:00.000001934,11.315025981829052
1970-01-01 00:00:00.000001934,10.909954083288849
1970-01-01 00:00:00.000001934,11.108352605351731
1970-01-01 00:00:00.000001934,11.448808690205704
1970-01-01 00:00:00.000001934,11.639337566475886
1970-01-01 00:00:00.000001935,11.495907968201596
1970-01-01 00:00:00.000001935,11.087812159055565
1970-01-01 00:00:00.000001935,10.398272404790031
1970-01-01 00:00:00.000001935,11.104210207149524
1970-01-01 00:00:00.000001935,11.985576683480101
1970-01-01 00:00:00.000001935,12.539519324443896
1970-01-01 00:00:00.000001935,13.202137936511015
1970-01-01 00:00:00.000001935,14.105056846668958
1970-01-01 00:00:00.000001935,14.418891702707441
1970-01-01 00:00:00.000001935,14.826232627114097
1970-01-01 00:00:00.000001935,16.12960516325115
1970-01-01 00:00:00.000001935,16.159192714615337
1970-01-01 00:00:00.000001936,17.087359845997245
1970-01-01 00:00:00.000001936,18.104536459517796
1970-01-01 00:00:00.000001936,18.66047820392603
1970-01-01 00:00:00.000001936,18.7189996651515
1970-01-01 00:00:00.000001936,17.750192519328646
1970-01-01 00:00:00.000001936,18.39300106583135
1970-01-01 00:00:00.000001936,19.360464512319144
1970-01-01 00:00:00.000001936,19.623060162983762
1970-01-01 00:00:00.000001936,19.86202424328763
1970-01-01 00:00:00.000001936,20.913091852533125
1970-01-01 00:00:00.000001936,21.49976534102416
1970-01-01 00:00:00.000001936,21.125663548155444
1970-01-01 00:00:00.000001937,21.61874158295351
1970-01-01 00:00:00.000001937,22.244221552805165
1970-01-01 00:00:00.000001937,22.042197016050576
1970-01-01 00:00:00.000001937,20.556579457432864
1970-01-01 00:00:00.000001937,19.47417468657211
1970-01-01 00:00:00.000001937,18.711659960364965
1970-01-01 00:00:00.000001937,19.646723279607627
1970-01-01 00:00:00.000001937,19.806982577380964
1970-01-01 00:00:00.000001937,16.847882862705806
1970-01-01 00:00:00.000001937,14.361659574753352
1970-01-01 00:00:00.000001937,13.158119166486063
1970-01-01 00:00:00.000001937,13.008483033706137
1970-01-01 00:00:00.000001938,13.511461918562418
1970-01-01 00:00:00.000001938,13.26307623646087
1970-01-01 00:00:00.000001938,12.37728623469769
1970-01-01 00:00:00.000001938,11.789517720684183
1970-01-01 00:00:00.000001938,11.992275930545693
1970-01-01 00:00:00.000001938,12.288966307788131
1970-01-01 00:00:00.000001938,14.77032801749207
1970-01-01 00:00:00.000001938,14.903588512604365
1970-01-01 00:00:00.000001938,14.282330508639967
1970-01-01 00:00:00.000001938,16.06114764333344
1970-01-01 00:00:00.000001938,16.149571800715517
1970-01-01 00:00:00.000001938,15.756484438994006
1970-01-01 00:00:00.000001939,15.599634410919288
1970-01-01 00:00:00.000001939,15.664696928954772
1970-01-01 00:00:00.000001939,15.729223743214229
1970-01-01 00:00:00.000001939,13.916994579812405
1970-01-01 00:00:00.000001939,14.502929499657775
1970-01-01 00:00:00.000001939,14.833828921489786
1970-01-01 00:00:00.000001939,15.270952598570258
1970-01-01 00:00:00.000001939,15.120082343333989
1970-01-01 00:00:00.000001939,16.452835577060963
1970-01-01 00:00:00.000001939,16.82120480626564
1970-01-01 00:00:00.000001939,16.59923850994664
1970-01-01 00:00:00.000001939,16.280412901283842
1970-01-01 00:00:00.000001940,16.37848034261367
1970-01-01 00:00:00.000001940,16.216119847731054
1970-01-01 00:00:00.000001940,16.172906305307897
1970-01-01 00:00:00.000001940,16.370988707128785
1970-01-01 00:00:00.000001940,14.138747694800731
1970-01-01 00:00:00.000001940,12.843765598268808
1970-01-01 00:00:00.000001940,13.36988476321006
1970-01-01 00:00:00.000001940,13.649399392391642
1970-01-01 00:00:00.000001940,14.214842598620642
1970-01-01 00:00:00.000001940,14.328290323104959
1970-01-01 00:00:00.000001940,14.636689248763613
1970-01-01 00:00:00.000001940,13.908426122353838
1970-01-01 00:00:00.000001941,13.904158267950832
1970-01-01 00:00:00.000001941,13.002943303402448
1970-01-01 00:00:00.000001941,12.955719822063331
1970-01-01 00:00:00.000001941,12.429370389220786
1970-01-01 00:00:00.000001941,12.037206512481578
1970-01-01 00:00:00.000001941,12.164306590628442
1970-01-01 00:00:00.000001941,12.744996277919583
1970-01-01 00:00:00.000001941,12.46317372038781
1970-01-01 00:00:00.000001941,12.27972927209308
1970-01-01 00:00:00.000001941,11.57781495657408
1970-01-01 00:00:00.000001941,10.911668685916966
1970-01-01 00:00:00.000001941,10.086593309917905
1970-01-01 00:00:00.000001942,10.101686431929252
1970-01-01 00:00:00.000001942,9.680255591749361
1970-01-01 00:00:00.000001942,9.003426617760969
1970-01-01 00:00:00.000001942,8.544255707588261
1970-01-01 00:00:00.000001942,8.50611625969605
1970-01-01 00:00:00.000001942,8.90545692851805
1970-01-01 00:00:00.000001942,9.150488900994741
1970-01-01 00:00:00.000001942,9.012823047564297
1970-01-01 00:00:00.000001942,9.077829839371503
1970-01-01 00:00:00.000001942,9.599176749352992
1970-01-01 00:00:00.000001942,9.661334152171664
1970-01-01 00:00:00.000001942,9.61751410328318
1970-01-01 00:00:00.000001943,10.150534220432082
1970-01-01 00:00:00.000001943,10.708982995221266
1970-01-01 00:00:00.000001943,10.850541744036802
1970-01-01 00:00:00.000001943,11.039227142939692
1970-01-01 00:00:00.000001943,11.362215800613695
1970-01-01 00:00:00.000001943,11.51674478645123
1970-01-01 00:00:00.000001943,11.774213341781651
1970-01-01 00:00:00.000001943,11.210545904158963
1970-01-01 00:00:00.000001943,11.336281939610283
1970-01-01 00:00:00.000001943,11.187335503326027
1970-01-01 00:00:00.000001943,10.631033673001417
1970-01-01 00:00:00.000001943,10.73736031604107
1970-01-01 00:00:00.000001944,11.05241276397747
1970-01-01 00:00:00.000001944,10.94791888772472
1970-01-01 00:00:00.000001944,11.224693196180679
1970-01-01 00:00:00.000001944,10.938275188239396
1970-01-01 00:00:00.000001944,11.103736936792616
1970-01-01 00:00:00.000001944,11.5327852725325
1970-01-01 00:00:00.000001944,11.73877475018071
1970-01-01 00:00:00.000001944,11.541711674209218
1970-01-01 00:00:00.000001944,11.32856058469647
1970-01-01 00:00:00.000001944,11.583105186279123
1970-01-01 00:00:00.000001944,11.47845919805548
1970-01-01 00:00:00.000001944,11.63868359335513
1970-01-01 00:00:00.000001945,11.960463439806993
1970-01-01 00:00:00.000001945,12.341753548186317
1970-01-01 00:00:00.000001945,12.32331031138933
1970-01-01 00:00:00.000001945,12.631867236563076
1970-01-01 00:00:00.000001945,13.036560628785356
1970-01-01 00:00:00.000001945,13.130223361406054
1970-01-01 00:00:00.000001945,12.86702844300916
1970-01-01 00:00:00.000001945,12.915378562256745
1970-01-01 00:00:00.000001945,13.79826495171978
1970-01-01 00:00:00.000001945,14.374662675391342
1970-01-01 00:00:00.000001945,14.847702661876786
1970-01-01 00:00:00.000001945,15.02034747473997
1970-01-01 00:00:00.000001946,15.623163177761676
1970-01-01 00:00:00.000001946,15.761666525801909
1970-01-01 00:00:00.000001946,15.134873415142536
1970-01-01 00:00:00.000001946,16.040842386215918
1970-01-01 00:00:00.000001946,16.01372317083218
1970-01-01 00:00:00.000001946,15.773186880128746
1970-01-01 00:00:00.000001946,14.508136111909067
1970-01-01 00:00:00.000001946,13.98493930994276
1970-01-01 00:00:00.000001946,11.841267540149635
1970-01-01 00:00:00.000001946,11.387602961765051
1970-01-01 00:00:00.000001946,11.110043656743295
1970-01-01 00:00:00.000001946,11.372779425862708
1970-01-01 00:00:00.000001947,11.469296334735576
1970-01-01 00:00:00.000001947,11.949565314209437
1970-01-01 00:00:00.000001947,11.287903096501285
1970-01-01 00:00:00.000001947,10.900825126392677
1970-01-01 00:00:00.000001947,10.733674273688536
1970-01-01 00:00:00.000001947,11.082715855052095
1970-01-01 00:00:00.000001947,11.696446553354363
1970-01-01 00:00:00.000001947,11.33747235532983
1970-01-01 00:00:00.000001947,10.827463017228837
1970-01-01 00:00:00.000001947,11.132662042754786
1970-01-01 00:00:00.000001947,10.975407324839072
1970-01-01 00:00:00.000001947,10.68091253196919
1970-01-01 00:00:00.000001948,10.419342657320323
1970-01-01 00:00:00.000001948,9.999761169144184
1970-01-01 00:00:00.000001948,10.186680609489674
1970-01-01 00:00:00.000001948,10.77948448202462
1970-01-01 00:00:00.000001948,11.241032697984439
1970-01-01 00:00:00.000001948,11.583895756523843
1970-01-01 00:00:00.000001948,11.134621739180933
1970-01-01 00:00:00.000001948,10.723556662478131
1970-01-01 00:00:00.000001948,10.55301368939916
1970-01-01 00:00:00.000001948,10.825409809169495
1970-01-01 00:00:00.000001948,10.248096205635571
1970-01-01 00:00:00.000001948,10.159652938900916
1970-01-01 00:00:00.000001949,10.24828575803898
1970-01-01 00:00:00.000001949,9.872517140570059
1970-01-01 00:00:00.000001949,9.901332491240924
1970-01-01 00:00:00.000001949,9.78363986754406
1970-01-01 00:00:00.000001949,9.692295086395816
1970-01-01 00:00:00.000001949,9.067718943419537
1970-01-01 00:00:00.000001949,9.605038093363925
1970-01-01 00:00:00.000001949,9.851348638079234
1970-01-01 00:00:00.000001949,9.884048361738287
1970-01-01 00:00:00.000001949,10.169850844772146
1970-01-01 00:00:00.000001949,10.21586101165065
1970-01-01 00:00:00.000001949,10.529330904131147
1970-01-01 00:00:00.000001950,10.745733299747911
1970-01-01 00:00:00.000001950,10.911564066731684
1970-01-01 00:00:00.000001950,10.910946522976257
1970-01-01 00:00:00.000001950,11.178021600956098
1970-01-01 00:00:00.000001950,11.461543104586232
1970-01-01 00:00:00.000001950,11.554126144044288
1970-01-01 00:00:00.000001950,10.539745658930993
1970-01-01 00:00:00.000001950,11.04061167026154
1970-01-01 00:00:00.000001950,11.3373911022773
1970-01-01 00:00:00.000001950,11.662444039105264
1970-01-01 00:00:00.000001950,11.542173388716298
1970-01-01 00:00:00.000001950,11.306665788890761
1970-01-01 00:00:00.000001951,11.89575983943707
1970-01-01 00:00:00.000001951,12.141507370682692
1970-01-01 00:00:00.000001951,11.841626487283097
1970-01-01 00:00:00.000001951,11.951097197083959
1970-01-01 00:00:00.000001951,11.863875406269177
1970-01-01 00:00:00.000001951,11.61566485702518
1970-01-01 00:00:00.000001951,11.778190092457809
1970-01-01 00:00:00.000001951,12.256989084145143
1970-01-01 00:00:00.000001951,12.44495315715004
1970-01-01 00:00:00.000001951,12.309457904118688
1970-01-01 00:00:00.000001951,11.852030617771039
1970-01-01 00:00:00.000001951,12.147072568106777
1970-01-01 00:00:00.000001952,12.527059748172297
1970-01-01 00:00:00.000001952,12.36411935046109
1970-01-01 00:00:00.000001952,12.362339087390364
1970-01-01 00:00:00.000001952,12.24272868326688
1970-01-01 00:00:00.000001952,12.200478761945837
1970-01-01 00:00:00.000001952,12.447881581789366
1970-01-01 00:00:00.000001952,12.669112889622479
1970-01-01 00:00:00.000001952,12.678378236328621
1970-01-01 00:00:00.000001952,12.434678020425505
1970-01-01 00:00:00.000001952,12.13118355868687
1970-01-01 00:00:00.000001952,12.47346976551531
1970-01-01 00:00:00.000001952,12.933964306161373
1970-01-01 00:00:00.000001953,13.010773447995183
1970-01-01 00:00:00.000001953,12.859346880687902
1970-01-01 00:00:00.000001953,12.83481934009249
1970-01-01 00:00:00.000001953,12.1639014540068
1970-01-01 00:00:00.000001953,12.141970791867779
1970-01-01 00:00:00.000001953,11.62440788547008
1970-01-01 00:00:00.000001953,11.750201645309998
1970-01-01 00:00:00.000001953,11.715076201734
1970-01-01 00:00:00.000001953,11.139349357262919
1970-01-01 00:00:00.000001953,11.391934765421409
1970-01-01 00:00:00.000001953,11.644070268505766
1970-01-01 00:00:00.000001953,11.75444918402729
1970-01-01 00:00:00.000001954,12.002650554927824
1970-01-01 00:00:00.000001954,12.215052485432834
1970-01-01 00:00:00.000001954,12.420105295189968
1970-01-01 00:00:00.000001954,12.907868184060913
1970-01-01 00:00:00.000001954,13.312042238025853
1970-01-01 00:00:00.000001954,13.357885903658993
1970-01-01 00:00:00.000001954,13.833009564245325
1970-01-01 00:00:00.000001954,14.042112347320572
1970-01-01 00:00:00.000001954,14.356474143296973
1970-01-01 00:00:00.000001954,14.619231935730559
1970-01-01 00:00:00.000001954,15.117311697434385
1970-01-01 00:00:00.000001954,15.78906200232708
1970-01-01 00:00:00.000001955,15.990781062969829
1970-01-01 00:00:00.000001955,16.437728215987107
1970-01-01 00:00:00.000001955,16.21928294553779
1970-01-01 00:00:00.000001955,16.685266628063495
1970-01-01 00:00:00.000001955,16.518057827257792
1970-01-01 00:00:00.000001955,17.3700919634053
1970-01-01 00:00:00.000001955,18.454031906632867
1970-01-01 00:00:00.000001955,18.222326463047743
1970-01-01 00:00:00.000001955,18.843960654261306
1970-01-01 00:00:00.000001955,17.772325789386088
1970-01-01 00:00:00.000001955,18.83555928827389
1970-01-01 00:00:00.000001955,18.94236903581357
1970-01-01 00:00:00.000001956,18.292585385418892
1970-01-01 00:00:00.000001956,18.266116815127777
1970-01-01 00:00:00.000001956,19.371210099299958
1970-01-01 00:00:00.000001956,19.370593634578498
1970-01-01 00:00:00.000001956,18.544506591754434
1970-01-01 00:00:00.000001956,18.158163846958697
1970-01-01 00:00:00.000001956,18.856797596896786
1970-01-01 00:00:00.000001956,18.670937110186422
1970-01-01 00:00:00.000001956,17.83664079631202
1970-01-01 00:00:00.000001956,17.41895294863613
1970-01-01 00:00:00.000001956,17.120339736628257
1970-01-01 00:00:00.000001956,17.197522725560923
1970-01-01 00:00:00.000001957,16.717780078533007
1970-01-01 00:00:00.000001957,15.843733142229743
1970-01-01 00:00:00.000001957,15.900417108869165
1970-01-01 00:00:00.000001957,16.123704360211754
1970-01-01 00:00:00.000001957,16.59811078911426
1970-01-01 00:00:00.000001957,16.729918872472865
1970-01-01 00:00:00.000001957,16.868882383979795
1970-01-01 00:00:00.000001957,15.868942729452241
1970-01-01 00:00:00.000001957,15.15727448896221
1970-01-01 00:00:00.000001957,14.149451489483534
1970-01-01 00:00:00.000001957,13.73624223529848
1970-01-01 00:00:00.000001957,13.673246057951383
1970-01-01 00:00:00.000001958,13.788431552307634
1970-01-01 00:00:00.000001958,13.784906390337678
1970-01-01 00:00:00.000001958,13.925589923892938
1970-01-01 00:00:00.000001958,13.913501765262778
1970-01-01 00:00:00.000001958,14.32382496840923
1970-01-01 00:00:00.000001958,14.635555551956267
1970-01-01 00:00:00.000001958,14.957457101901133
1970-01-01 00:00:00.000001958,15.544566891165923
1970-01-01 00:00:00.000001958,15.931923184092845
1970-01-01 00:00:00.000001958,16.559803310351572
1970-01-01 00:00:00.000001958,16.988883579386336
1970-01-01 00:00:00.000001958,17.35835736536996
1970-01-01 00:00:00.000001959,17.98033934299339
1970-01-01 00:00:00.000001959,17.759169263611422
1970-01-01 00:00:00.000001959,18.200871845485636
1970-01-01 00:00:00.000001959,18.430753048783426
1970-01-01 00:00:00.000001959,18.692721439594187
1970-01-01 00:00:00.000001959,18.44859139706648
1970-01-01 00:00:00.000001959,19.090533975796514
1970-01-01 00:00:00.000001959,18.95880364075021
1970-01-01 00:00:00.000001959,18.12329055675862
1970-01-01 00:00:00.000001959,18.02196244151543
1970-01-01 00:00:00.000001959,18.07178913057022
1970-01-01 00:00:00.000001959,18.624728977900112
1970-01-01 00:00:00.000001960,18.338284994375567
1970-01-01 00:00:00.000001960,17.54527510894598
1970-01-01 00:00:00.000001960,17.286020720522153
1970-01-01 00:00:00.000001960,17.429766947597205
1970-01-01 00:00:00.000001960,17.25617057872792
1970-01-01 00:00:00.000001960,17.823363817264745
1970-01-01 00:00:00.000001960,17.376806472898117
1970-01-01 00:00:00.000001960,17.582113039577674
1970-01-01 00:00:00.000001960,17.052015467817665
1970-01-01 00:00:00.000001960,16.605104536251027
1970-01-01 00:00:00.000001960,17.146088452419004
1970-01-01 00:00:00.000001960,17.562090833957125
1970-01-01 00:00:00.000001961,18.470416986477176
1970-01-01 00:00:00.000001961,19.234014498298354
1970-01-01 00:00:00.000001961,19.84422527272557
1970-01-01 00:00:00.000001961,20.38284297575478
1970-01-01 00:00:00.000001961,20.598606843297347
1970-01-01 00:00:00.000001961,20.332414551592294
1970-01-01 00:00:00.000001961,20.146643736827325
1970-01-01 00:00:00.000001961,20.941688475215194
1970-01-01 00:00:00.000001961,20.70524304414726
1970-01-01 00:00:00.000001961,20.92419014101079
1970-01-01 00:00:00.000001961,21.857957721959675
1970-01-01 00:00:00.000001961,22.041480198382267
1970-01-01 00:00:00.000001962,21.19793140001523
1970-01-01 00:00:00.000001962,21.451687754873376
1970-01-01 00:00:00.000001962,21.44315856852624
1970-01-01 00:00:00.000001962,20.658336447649038
1970-01-01 00:00:00.000001962,19.089367498116655
1970-01-01 00:00:00.000001962,16.82757124479247
1970-01-01 00:00:00.000001962,17.141325661322796
1970-01-01 00:00:00.000001962,17.571262631045535
1970-01-01 00:00:00.000001962,17.321461147465484
1970-01-01 00:00:00.000001962,16.739820967901334
1970-01-01 00:00:00.000001962,17.854386489497152
1970-01-01 00:00:00.000001962,18.585836118439865
1970-01-01 00:00:00.000001963,19.259231693254055
1970-01-01 00:00:00.000001963,19.469191309671416
1970-01-01 00:00:00.000001963,19.288064606604838
1970-01-01 00:00:00.000001963,20.15007723822699
1970-01-01 00:00:00.000001963,20.50758586495262
1970-01-01 00:00:00.000001963,20.384149993841003
1970-01-01 00:00:00.000001963,19.969231885949643
1970-01-01 00:00:00.000001963,20.472637900527687
1970-01-01 00:00:00.000001963,20.960360090705116
1970-01-01 00:00:00.000001963,20.891344595411496
1970-01-01 00:00:00.000001963,20.720399335339714
1970-01-01 00:00:00.000001963,21.038599376737054
1970-01-01 00:00:00.000001964,21.627216196980946
1970-01-01 00:00:00.000001964,21.832670826710334
1970-01-01 00:00:00.000001964,22.167245585982645
1970-01-01 00:00:00.000001964,22.422192169737183
1970-01-01 00:00:00.000001964,22.574330769563844
1970-01-01 00:00:00.000001964,22.300288036082797
1970-01-01 00:00:00.000001964,22.984351845738402
1970-01-01 00:00:00.000001964,22.650407292938795
1970-01-01 00:00:00.000001964,22.892221984231686
1970-01-01 00:00:00.000001964,23.21215468067534
1970-01-01 00:00:00.000001964,23.22501979309582
1970-01-01 00:00:00.000001964,22.75298477278727
1970-01-01 00:00:00.000001965,23.269335081922474
1970-01-01 00:00:00.000001965,23.372068272751342
1970-01-01 00:00:00.000001965,23.253528200034843
1970-01-01 00:00:00.000001965,23.4205519547713
1970-01-01 00:00:00.000001965,23.708808308861954
1970-01-01 00:00:00.000001965,22.385342986457793
1970-01-01 00:00:00.000001965,22.300781712174434
1970-01-01 00:00:00.000001965,22.665971845964386
1970-01-01 00:00:00.000001965,23.374146831648623
1970-01-01 00:00:00.000001965,23.775745523312686
1970-01-01 00:00:00.000001965,23.925461156673713
1970-01-01 00:00:00.000001965,23.69411154910632
1970-01-01 00:00:00.000001966,24.058483388421738
1970-01-01 00:00:00.000001966,23.700027145579394
1970-01-01 00:00:00.000001966,22.611112582289987
1970-01-01 00:00:00.000001966,23.113696462615827
1970-01-01 00:00:00.000001966,21.8521779767631
1970-01-01 00:00:00.000001966,21.555253383226255
1970-01-01 00:00:00.000001966,21.381702007433415
1970-01-01 00:00:00.000001966,19.913903864009807
1970-01-01 00:00:00.000001966,19.161676250615006
1970-01-01 00:00:00.000001966,18.825409371315676
1970-01-01 00:00:00.000001966,19.711251211928968
1970-01-01 00:00:00.000001966,19.736473752791966
1970-01-01 00:00:00.000001967,20.432242125384278
1970-01-01 00:00:00.000001967,21.074443163678435
1970-01-01 00:00:00.000001967,21.44389860201909
1970-01-01 00:00:00.000001967,21.68602556674624
1970-01-01 00:00:00.000001967,21.948477389658397
1970-01-01 00:00:00.000001967,21.552097609793478
1970-01-01 00:00:00.000001967,21.804196245666358
1970-01-01 00:00:00.000001967,22.03062704912601
1970-01-01 00:00:00.000001967,22.219145488664783
1970-01-01 00:00:00.000001967,22.068199194183883
1970-01-01 00:00:00.000001967,21.263102968336277
1970-01-01 00:00:00.000001967,21.751597808723627
1970-01-01 00:00:00.000001968,21.511535896332177
1970-01-01 00:00:00.000001968,20.424992376214224
1970-01-01 00:00:00.000001968,19.9347113082957
1970-01-01 00:00:00.000001968,21.277356015671742
1970-01-01 00:00:00.000001968,21.63022714277988
1970-01-01 00:00:00.000001968,22.004623431346534
1970-01-01 00:00:00.000001968,21.75353741567095
1970-01-01 00:00:00.000001968,21.13776679361786
1970-01-01 00:00:00.000001968,21.680275633292936
1970-01-01 00:00:00.000001968,22.00460692795689
1970-01-01 00:00:00.000001968,22.195529227158158
1970-01-01 00:00:00.000001968,22.277872995434887
1970-01-01 00:00:00.000001969,21.194968072847157
1970-01-01 00:00:00.000001969,20.89572990198724
1970-01-01 00:00:00.000001969,20.202287616481662
1970-01-01 00:00:00.000001969,20.42860808193216
1970-01-01 00:00:00.000001969,20.9722582719721
1970-01-01 00:00:00.000001969,19.713341583757636
1970-01-01 00:00:00.000001969,18.681708207192766
1970-01-01 00:00:00.000001969,18.42951559020775
1970-01-01 00:00:00.000001969,18.39804634467698
1970-01-01 00:00:00.000001969,18.448662031815367
1970-01-01 00:00:00.000001969,18.437760084691057
1970-01-01 00:00:00.000001969,17.3269299137427
1970-01-01 00:00:00.000001970,17.09054139514022
1970-01-01 00:00:00.000001970,16.372586787159864
1970-01-01 00:00:00.000001970,16.531690813943623
1970-01-01 00:00:00.000001970,15.873067819354068
1970-01-01 00:00:00.000001970,13.983836060789194
1970-01-01 00:00:00.000001970,13.799691797725185
1970-01-01 00:00:00.000001970,13.726499744359776
1970-01-01 00:00:00.000001970,14.100456516815452
1970-01-01 00:00:00.000001970,14.842661145242232
1970-01-01 00:00:00.000001970,15.064185404089631
1970-01-01 00:00:00.000001970,14.950761908791737
1970-01-01 00:00:00.000001970,15.873840687205748
1970-01-01 00:00:00.000001971,16.46179394349194
1970-01-01 00:00:00.000001971,17.03453478150213
1970-01-01 00:00:00.000001971,17.402902607188878
1970-01-01 00:00:00.000001971,17.92411044795961
1970-01-01 00:00:00.000001971,17.56415327969939
1970-01-01 00:00:00.000001971,17.08316688007071
1970-01-01 00:00:00.000001971,16.889414708693362
1970-01-01 00:00:00.000001971,16.519449443051574
1970-01-01 00:00:00.000001971,16.856792547836005
1970-01-01 00:00:00.000001971,16.42886270915948
1970-01-01 00:00:00.000001971,15.63871265432665
1970-01-01 00:00:00.000001971,16.60355721292534
1970-01-01 00:00:00.000001972,17.26299679703518
1970-01-01 00:00:00.000001972,17.464147605486176
1970-01-01 00:00:00.000001972,17.805643849614945
1970-01-01 00:00:00.000001972,17.915161678498304
1970-01-01 00:00:00.000001972,17.662646200372556
1970-01-01 00:00:00.000001972,17.640857315740256
1970-01-01 00:00:00.000001972,17.39869003113817
1970-01-01 00:00:00.000001972,17.943404688029805
1970-01-01 00:00:00.000001972,17.613854552912112
1970-01-01 00:00:00.000001972,17.53318385415856
1970-01-01 00:00:00.000001972,18.338894714968063
1970-01-01 00:00:00.000001972,18.645719442073684
1970-01-01 00:00:00.000001973,18.712530467302436
1970-01-01 00:00:00.000001973,17.889889599193758
1970-01-01 00:00:00.000001973,17.41214205829034
1970-01-01 00:00:00.000001973,16.935740066050826
1970-01-01 00:00:00.000001973,16.314338759668573
1970-01-01 00:00:00.000001973,15.808323047681984
1970-01-01 00:00:00.000001973,15.889518573988786
1970-01-01 00:00:00.000001973,15.278501094706124
1970-01-01 00:00:00.000001973,15.475308601805564
1970-01-01 00:00:00.000001973,15.913516308933389
1970-01-01 00:00:00.000001973,14.651845159710572
1970-01-01 00:00:00.000001973,13.493329686205888
1970-01-01 00:00:00.000001974,13.530721892513949
1970-01-01 00:00:00.000001974,12.957321280205388
1970-01-01 00:00:00.000001974,13.310364239140162
1970-01-01 00:00:00.000001974,12.550411048540905
1970-01-01 00:00:00.000001974,11.99543694732966
1970-01-01 00:00:00.000001974,11.888498820078999
1970-01-01 00:00:00.000001974,10.39414180532705
1970-01-01 00:00:00.000001974,9.824195723141194
1970-01-01 00:00:00.000001974,8.680421305646334
1970-01-01 00:00:00.000001974,8.744983833809584
1970-01-01 00:00:00.000001974,8.948984512755604
1970-01-01 00:00:00.000001974,8.289060055923082
1970-01-01 00:00:00.000001975,8.920995508404248
1970-01-01 00:00:00.000001975,9.762246716166471
1970-01-01 00:00:00.000001975,10.163796767444035
1970-01-01 00:00:00.000001975,10.23307613660592
1970-01-01 00:00:00.000001975,10.81813911933581
1970-01-01 00:00:00.000001975,11.011354609247661
1970-01-01 00:00:00.000001975,10.902767048238575
1970-01-01 00:00:00.000001975,10.089769593328016
1970-01-01 00:00:00.000001975,9.918905356559423
1970-01-01 00:00:00.000001975,10.327599777501112
1970-01-01 00:00:00.000001975,10.435859457947897
1970-01-01 00:00:00.000001975,10.250368416256839
1970-01-01 00:00:00.000001976,11.18505136262215
1970-01-01 00:00:00.000001976,11.586092994449693
1970-01-01 00:00:00.000001976,11.631754403566513
1970-01-01 00:00:00.000001976,11.68916413220637
1970-01-01 00:00:00.000001976,11.532053585609427
1970-01-01 00:00:00.000001976,11.543841631417108
1970-01-01 00:00:00.000001976,11.75749048868991
1970-01-01 00:00:00.000001976,11.597986002509254
1970-01-01 00:00:00.000001976,11.805990949539794
1970-01-01 00:00:00.000001976,11.345696136316702
1970-01-01 00:00:00.000001976,11.248855860507968
1970-01-01 00:00:00.000001976,11.597589726582946
1970-01-01 00:00:00.000001977,11.437961346787558
1970-01-01 00:00:00.000001977,11.014841854222778
1970-01-01 00:00:00.000001977,10.895746511662741
1970-01-01 00:00:00.000001977,10.63603740914136
1970-01-01 00:00:00.000001977,10.548486693556999
1970-01-01 00:00:00.000001977,10.530023959090757
1970-01-01 00:00:00.000001977,10.567692447775407
1970-01-01 00:00:00.000001977,10.268385666710998
1970-01-01 00:00:00.000001977,10.067742820070704
1970-01-01 00:00:00.000001977,9.766666299556547
1970-01-01 00:00:00.000001977,9.766299983660199
1970-01-01 00:00:00.000001977,9.67826658253592
1970-01-01 00:00:00.000001978,9.241462260934691
1970-01-01 00:00:00.000001978,9.045263570704742
1970-01-01 00:00:00.000001978,8.950420077633895
1970-01-01 00:00:00.000001978,9.262588720866848
1970-01-01 00:00:00.000001978,9.63491072859845
1970-01-01 00:00:00.000001978,9.549678981041739
1970-01-01 00:00:00.000001978,9.425524047787361
1970-01-01 00:00:00.000001978,10.023970854003752
1970-01-01 00:00:00.000001978,9.941887473004407
1970-01-01 00:00:00.000001978,9.533608358208832
1970-01-01 00:00:00.000001978,8.92841890229315
1970-01-01 00:00:00.000001978,9.011941819133828
1970-01-01 00:00:00.000001979,9.25763691913997
1970-01-01 00:00:00.000001979,9.003740371045632
1970-01-01 00:00:00.000001979,9.070785029660762
1970-01-01 00:00:00.000001979,9.133063566217412
1970-01-01 00:00:00.000001979,8.794383289814954
1970-01-01 00:00:00.000001979,8.85393776469395
1970-01-01 00:00:00.000001979,8.827498045542361
1970-01-01 00:00:00.000001979,9.127165797215032
1970-01-01 00:00:00.000001979,9.112758990740955
1970-01-01 00:00:00.000001979,8.68184330689931
1970-01-01 00:00:00.000001979,8.518784302983555
1970-01-01 00:00:00.000001979,8.745204404669291
1970-01-01 00:00:00.000001980,8.850934180729109
1970-01-01 00:00:00.000001980,9.054476092192516
1970-01-01 00:00:00.000001980,8.081150900785497
1970-01-01 00:00:00.000001980,7.844024504719218
1970-01-01 00:00:00.000001980,8.104225807176494
1970-01-01 00:00:00.000001980,8.512077962306742
1970-01-01 00:00:00.000001980,8.880865527295843
1970-01-01 00:00:00.000001980,9.07100598161838
1970-01-01 00:00:00.000001980,9.196040131743239
1970-01-01 00:00:00.000001980,9.357841046757112
1970-01-01 00:00:00.000001980,9.654043663233388
1970-01-01 00:00:00.000001980,9.389902084921742
1970-01-01 00:00:00.000001981,9.259404530877953
1970-01-01 00:00:00.000001981,8.829899353831305
1970-01-01 00:00:00.000001981,9.081096883854622
1970-01-01 00:00:00.000001981,9.08556123078874
1970-01-01 00:00:00.000001981,8.818483466548065
1970-01-01 00:00:00.000001981,8.765340744304927
1970-01-01 00:00:00.000001981,8.44531946787551
1970-01-01 00:00:00.000001981,8.399806316566439
1970-01-01 00:00:00.000001981,7.581163051923156
1970-01-01 00:00:00.000001981,7.649141713319213
1970-01-01 00:00:00.000001981,7.810752565716109
1970-01-01 00:00:00.000001981,7.8325621371418945
1970-01-01 00:00:00.000001982,7.388659973375994
1970-01-01 00:00:00.000001982,7.181823450546731
1970-01-01 00:00:00.000001982,6.950673793536031
1970-01-01 00:00:00.000001982,7.259072625426146
1970-01-01 00:00:00.000001982,7.192612484464621
1970-01-01 00:00:00.000001982,6.692133988197588
1970-01-01 00:00:00.000001982,6.638653100208757
1970-01-01 00:00:00.000001982,6.643422752166089
1970-01-01 00:00:00.000001982,7.398838200323304
1970-01-01 00:00:00.000001982,7.999840994534585
1970-01-01 00:00:00.000001982,8.347476938155424
1970-01-01 00:00:00.000001982,8.467738401400473
1970-01-01 00:00:00.000001983,8.75678322413474
1970-01-01 00:00:00.000001983,8.910493436624117
1970-01-01 00:00:00.000001983,9.232829705190523
1970-01-01 00:00:00.000001983,9.53158128416041
1970-01-01 00:00:00.000001983,9.874456504668396
1970-01-01 00:00:00.000001983,10.00011790313002
1970-01-01 00:00:00.000001983,10.014475995571022
1970-01-01 00:00:00.000001983,9.728056935665206
1970-01-01 00:00:00.000001983,9.984202458028776
1970-01-01 00:00:00.000001983,10.003391799449624
1970-01-01 00:00:00.000001983,9.853581649364278
1970-01-01 00:00:00.000001983,9.81501090360867
1970-01-01 00:00:00.000001984,9.894931809202534
1970-01-01 00:00:00.000001984,9.32452964572798
1970-01-01 00:00:00.000001984,9.326747066508243
1970-01-01 00:00:00.000001984,9.305643404594822
1970-01-01 00:00:00.000001984,9.231831816896046
1970-01-01 00:00:00.000001984,9.010185512291006
1970-01-01 00:00:00.000001984,8.868302214043299
1970-01-01 00:00:00.000001984,9.623063257373168
1970-01-01 00:00:00.000001984,9.68734131362808
1970-01-01 00:00:00.000001984,9.595070703048505
1970-01-01 00:00:00.000001984,9.691973221783089
1970-01-01 00:00:00.000001984,9.59505480113346
1970-01-01 00:00:00.000001985,9.997001177730452
1970-01-01 00:00:00.000001985,10.49493517260708
1970-01-01 00:00:00.000001985,10.37321721492473
1970-01-01 00:00:00.000001985,10.39711871981682
1970-01-01 00:00:00.000001985,10.608120467860097
1970-01-01 00:00:00.000001985,10.810049845861215
1970-01-01 00:00:00.000001985,10.997563956793382
1970-01-01 00:00:00.000001985,10.738799808877284
1970-01-01 00:00:00.000001985,10.47123466169755
1970-01-01 00:00:00.000001985,10.552516982943748
1970-01-01 00:00:00.000001985,11.164611128667467
1970-01-01 00:00:00.000001985,11.690521474467593
1970-01-01 00:00:00.000001986,11.715007584487983
1970-01-01 00:00:00.000001986,12.388219099418121
1970-01-01 00:00:00.000001986,13.189022981532718
1970-01-01 00:00:00.000001986,13.552504172869476
1970-01-01 00:00:00.000001986,13.560046199232337
1970-01-01 00:00:00.000001986,13.888688626457117
1970-01-01 00:00:00.000001986,13.619995534083808
1970-01-01 00:00:00.000001986,13.887667550866055
1970-01-01 00:00:00.000001986,13.467314312977132
1970-01-01 00:00:00.000001986,13.425918860857362
1970-01-01 00:00:00.000001986,13.872985596138603
1970-01-01 00:00:00.000001986,14.085139814743314
1970-01-01 00:00:00.000001987,14.92220810371895
1970-01-01 00:00:00.000001987,15.822318142836455
1970-01-01 00:00:00.000001987,16.433343976069928
1970-01-01 00:00:00.000001987,16.19653445322088
1970-01-01 00:00:00.000001987,16.160311952655743
1970-01-01 00:00:00.000001987,16.825207307878724
1970-01-01 00:00:00.000001987,17.306004390512225
1970-01-01 00:00:00.000001987,18.32690724585634
1970-01-01 00:00:00.000001987,17.67562044993822
1970-01-01 00:00:00.000001987,15.530055563627315
1970-01-01 00:00:00.000001987,13.590885143189084
1970-01-01 00:00:00.000001987,13.389028514426965
1970-01-01 00:00:00.000001988,13.898336683569138
1970-01-01 00:00:00.000001988,14.298270962469523
1970-01-01 00:00:00.000001988,14.668946811103458
1970-01-01 00:00:00.000001988,14.433316420838946
1970-01-01 00:00:00.000001988,14.031891348027774
1970-01-01 00:00:00.000001988,14.76646864787962
1970-01-01 00:00:00.000001988,14.608315717522101
1970-01-01 00:00:00.000001988,14.244946310675651
1970-01-01 00:00:00.000001988,14.369428776140163
1970-01-01 00:00:00.000001988,14.811450153277727
1970-01-01 00:00:00.000001988,14.445530680872888
1970-01-01 00:00:00.000001988,14.702086748571997
1970-01-01 00:00:00.000001989,15.088072442713283
1970-01-01 00:00:00.000001989,15.467060462734754
1970-01-01 00:00:00.000001989,15.298969108882357
1970-01-01 00:00:00.000001989,15.686742656144583
1970-01-01 00:00:00.000001989,16.186353538544548
1970-01-01 00:00:00.000001989,16.64190423580859
1970-01-01 00:00:00.000001989,17.013407650499122
1970-01-01 00:00:00.000001989,17.73425143657732
1970-01-01 00:00:00.000001989,17.71422067897908
1970-01-01 00:00:00.000001989,17.64085385279795
1970-01-01 00:00:00.000001989,17.242369266947428
1970-01-01 00:00:00.000001989,17.650212904947328
1970-01-01 00:00:00.000001990,17.048843606878272
1970-01-01 00:00:00.000001990,16.508093516490288
1970-01-01 00:00:00.000001990,16.83374823348095
1970-01-01 00:00:00.000001990,16.813913898735773
1970-01-01 00:00:00.000001990,17.39241358864501
1970-01-01 00:00:00.000001990,17.817082821653013
1970-01-01 00:00:00.000001990,17.74717158707024
1970-01-01 00:00:00.000001990,16.168334756508976
1970-01-01 00:00:00.000001990,15.30128544352263
1970-01-01 00:00:00.000001990,14.818147965500804
1970-01-01 00:00:00.000001990,15.187607599503192
1970-01-01 00:00:00.000001990,15.846314974728767
1970-01-01 00:00:00.000001991,15.606190118802362
1970-01-01 00:00:00.000001991,17.35466474520511
1970-01-01 00:00:00.000001991,17.818620083397377
1970-01-01 00:00:00.000001991,18.155345895198014
1970-01-01 00:00:00.000001991,18.03543091100405
1970-01-01 00:00:00.000001991,18.01522704468833
1970-01-01 00:00:00.000001991,18.103452345519745
1970-01-01 00:00:00.000001991,18.512258455337715
1970-01-01 00:00:00.000001991,18.35728259177432
1970-01-01 00:00:00.000001991,18.34918799200198
1970-01-01 00:00:00.000001991,18.288868169301338
1970-01-01 00:00:00.000001991,18.441652313512723
1970-01-01 00:00:00.000001992,19.77306821146264
1970-01-01 00:00:00.000001992,19.582982970386738
1970-01-01 00:00:00.000001992,19.283561861298548
1970-01-01 00:00:00.000001992,19.301229507881043
1970-01-01 00:00:00.000001992,19.66227979564169
1970-01-01 00:00:00.000001992,19.3153659676446
1970-01-01 00:00:00.000001992,19.620740694824406
1970-01-01 00:00:00.000001992,19.722137498351525
1970-01-01 00:00:00.000001992,19.708766424745303
1970-01-01 00:00:00.000001992,19.37027107690697
1970-01-01 00:00:00.000001992,19.833656038801234
1970-01-01 00:00:00.000001992,20.448606721242964
1970-01-01 00:00:00.000001993,20.32341080299571
1970-01-01 00:00:00.000001993,20.545336792900446
1970-01-01 00:00:00.000001993,20.855200148690912
1970-01-01 00:00:00.000001993,20.457362016642186
1970-01-01 00:00:00.000001993,20.517605633764866
1970-01-01 00:00:00.000001993,20.60835701296019
1970-01-01 00:00:00.000001993,20.564596413297142
1970-01-01 00:00:00.000001993,20.812227546627383
1970-01-01 00:00:00.000001993,20.993501005229128
1970-01-01 00:00:00.000001993,21.109178247475118
1970-01-01 00:00:00.000001993,21.037901189606373
1970-01-01 00:00:00.000001993,21.164732079814645
1970-01-01 00:00:00.000001994,21.41197491382654
1970-01-01 00:00:00.000001994,21.263840187313026
1970-01-01 00:00:00.000001994,20.833375889460406
1970-01-01 00:00:00.000001994,20.055250085063847
1970-01-01 00:00:00.000001994,20.196492421281455
1970-01-01 00:00:00.000001994,20.29076369067031
1970-01-01 00:00:00.000001994,20.067951816142152
1970-01-01 00:00:00.000001994,20.535549404755642
1970-01-01 00:00:00.000001994,20.576450100818864
1970-01-01 00:00:00.000001994,20.395759282410253
1970-01-01 00:00:00.000001994,20.20947302039405
1970-01-01 00:00:00.000001994,19.911484108090335
1970-01-01 00:00:00.000001995,20.219119422457304
1970-01-01 00:00:00.000001995,20.802571764332683
1970-01-01 00:00:00.000001995,21.15273730203699
1970-01-01 00:00:00.000001995,21.64273926187965
1970-01-01 00:00:00.000001995,22.19542669801995
1970-01-01 00:00:00.000001995,22.71835675952061
1970-01-01 00:00:00.000001995,23.376412691512137
1970-01-01 00:00:00.000001995,23.28407025623054
1970-01-01 00:00:00.000001995,23.94600707529987
1970-01-01 00:00:00.000001995,23.92676276408328
1970-01-01 00:00:00.000001995,24.34758688111482
1970-01-01 00:00:00.000001995,25.027380664939116
1970-01-01 00:00:00.000001996,24.76246519464403
1970-01-01 00:00:00.000001996,25.97606555059339
1970-01-01 00:00:00.000001996,25.629930395216117
1970-01-01 00:00:00.000001996,25.424203848381524
1970-01-01 00:00:00.000001996,25.81404382769903
1970-01-01 00:00:00.000001996,25.96667355833385
1970-01-01 00:00:00.000001996,24.858411332348393
1970-01-01 00:00:00.000001996,25.412529121454945
1970-01-01 00:00:00.000001996,25.680115512876764
1970-01-01 00:00:00.000001996,26.483467720897202
1970-01-01 00:00:00.000001996,27.5856120490128
1970-01-01 00:00:00.000001996,27.72394616389397
1970-01-01 00:00:00.000001997,28.332870129950372
1970-01-01 00:00:00.000001997,29.26563488357595
1970-01-01 00:00:00.000001997,28.802458591871662
1970-01-01 00:00:00.000001997,27.585160338136546
1970-01-01 00:00:00.000001997,29.92836222468878
1970-01-01 00:00:00.000001997,31.25656061638128
1970-01-01 00:00:00.000001997,32.76663768966994
1970-01-01 00:00:00.000001997,32.58628348671318
1970-01-01 00:00:00.000001997,32.666581341708635
1970-01-01 00:00:00.000001997,32.901498179798125
1970-01-01 00:00:00.000001997,32.336600532812675
1970-01-01 00:00:00.000001997,33.030789042905425
1970-01-01 00:00:00.000001998,32.859968415052236
1970-01-01 00:00:00.000001998,34.70967778226998
1970-01-01 00:00:00.000001998,36.29692773642508
1970-01-01 00:00:00.000001998,37.27693404302875
1970-01-01 00:00:00.000001998,36.956598518968995
1970-01-01 00:00:00.000001998,36.802293460092024
1970-01-01 00:00:00.000001998,38.25964508524856
1970-01-01 00:00:00.000001998,35.42340102487832
1970-01-01 00:00:00.000001998,33.5323569808349
1970-01-01 00:00:00.000001998,33.773102879048146
1970-01-01 00:00:00.000001998,37.36939188392094
1970-01-01 00:00:00.000001998,38.82027478009814
1970-01-01 00:00:00.000001999,40.57695767720811
1970-01-01 00:00:00.000001999,40.40015922925994
1970-01-01 00:00:00.000001999,41.35610363271298
1970-01-01 00:00:00.000001999,42.70450951689213
1970-01-01 00:00:00.000001999,42.55667670951804
1970-01-01 00:00:00.000001999,42.180675911746924
1970-01-01 00:00:00.000001999,43.828035992805404
1970-01-01 00:00:00.000001999,41.930712159940455
1970-01-01 00:00:00.000001999,41.32345133471502
1970-01-01 00:00:00.000001999,40.55285439953987
1970-01-01 00:00:00.000001999,43.208290714613916
1970-01-01 00:00:00.000001999,44.19793976104055
1970-01-01 00:00:00.000002000,43.77257814693799
1970-01-01 00:00:00.000002000,42.18563588791731
1970-01-01 00:00:00.000002000,43.22074843996587
1970-01-01 00:00:00.000002000,43.52857428850774
1970-01-01 00:00:00.000002000,41.96605050332432
1970-01-01 00:00:00.000002000,42.781971567071444
1970-01-01 00:00:00.000002000,42.75809361826958
1970-01-01 00:00:00.000002000,42.869565494419476
1970-01-01 00:00:00.000002000,41.89800792488472
1970-01-01 00:00:00.000002000,39.369699044201354
1970-01-01 00:00:00.000002000,38.78214245678476
1970-01-01 00:00:00.000002000,37.27423800449718
1970-01-01 00:00:00.000002001,36.97886799702981
1970-01-01 00:00:00.000002001,35.834662651431266
1970-01-01 00:00:00.000002001,32.32583723617873
1970-01-01 00:00:00.000002001,32.17390116836067
1970-01-01 00:00:00.000002001,34.074643217140014
1970-01-01 00:00:00.000002001,33.06853441111275
1970-01-01 00:00:00.000002001,32.16303868744433
1970-01-01 00:00:00.000002001,31.404318760780118
1970-01-01 00:00:00.000002001,27.66739258686248
1970-01-01 00:00:00.000002001,28.57737311336008
1970-01-01 00:00:00.000002001,30.00510381105679
1970-01-01 00:00:00.000002001,30.499953255020433
1970-01-01 00:00:00.000002002,30.277204433095978
1970-01-01 00:00:00.000002002,29.085704152008407
1970-01-01 00:00:00.000002002,30.292130640918653
1970-01-01 00:00:00.000002002,29.00588325311866
1970-01-01 00:00:00.000002002,28.128107508688316
1970-01-01 00:00:00.000002002,26.38767254118334
1970-01-01 00:00:00.000002002,23.463120467431427
1970-01-01 00:00:00.000002002,23.58871352884236
1970-01-01 00:00:00.000002002,22.365036801224317
1970-01-01 00:00:00.000002002,21.95623386365907
1970-01-01 00:00:00.000002002,23.348396502725116
1970-01-01 00:00:00.000002002,23.101442537685614
1970-01-01 00:00:00.000002003,22.8983485766132
1970-01-01 00:00:00.000002003,21.214102123415266
1970-01-01 00:00:00.000002003,21.30971902699097
1970-01-01 00:00:00.000002003,22.42793957773088
1970-01-01 00:00:00.000002003,23.591080453481464
1970-01-01 00:00:00.000002003,24.832223259531045
1970-01-01 00:00:00.000002003,24.867329101268762
1970-01-01 00:00:00.000002003,24.642251409932143
1970-01-01 00:00:00.000002003,25.243686752606234
1970-01-01 00:00:00.000002003,25.682756070579668
1970-01-01 00:00:00.000002003,25.946798218420103
1970-01-01 00:00:00.000002003,26.635170511081512
1970-01-01 00:00:00.000002004,27.65854035573655
1970-01-01 00:00:00.000002004,27.6508620367402
1970-01-01 00:00:00.000002004,26.886530384035847
1970-01-01 00:00:00.000002004,26.900577508444865
1970-01-01 00:00:00.000002004,25.90281429294374
1970-01-01 00:00:00.000002004,26.401285366474895
1970-01-01 00:00:00.000002004,25.69588864626854
1970-01-01 00:00:00.000002004,25.174462226477758
1970-01-01 00:00:00.000002004,25.66840677635768
1970-01-01 00:00:00.000002004,25.41165566548932
1970-01-01 00:00:00.000002004,26.465310814818036
1970-01-01 00:00:00.000002004,27.144808694741215
1970-01-01 00:00:00.000002005,26.587250697970365
1970-01-01 00:00:00.000002005,26.74486312810117
1970-01-01 00:00:00.000002005,26.33914213105792
1970-01-01 00:00:00.000002005,25.40892256911446
1970-01-01 00:00:00.000002005,25.65023018718296
1970-01-01 00:00:00.000002005,26.068394871883985
1970-01-01 00:00:00.000002005,26.28787109125474
1970-01-01 00:00:00.000002005,26.104381410936142
1970-01-01 00:00:00.000002005,25.730122990164464
1970-01-01 00:00:00.000002005,24.876538723647947
1970-01-01 00:00:00.000002005,25.931783309069008
1970-01-01 00:00:00.000002005,26.443803114292393
1970-01-01 00:00:00.000002006,26.468702626685708
1970-01-01 00:00:00.000002006,26.249624763583277
1970-01-01 00:00:00.000002006,26.327837778667668
1970-01-01 00:00:00.000002006,26.147280943874513
1970-01-01 00:00:00.000002006,25.650640708757326
1970-01-01 00:00:00.000002006,24.74958224164637
1970-01-01 00:00:00.000002006,24.6967867668533
1970-01-01 00:00:00.000002006,25.05139356201095
1970-01-01 00:00:00.000002006,25.644156440797378
1970-01-01 00:00:00.000002006,26.538040282101708
1970-01-01 00:00:00.000002006,26.928020270856482
1970-01-01 00:00:00.000002006,27.28268978757168
1970-01-01 00:00:00.000002007,27.20753665680713
1970-01-01 00:00:00.000002007,27.315181413516612
1970-01-01 00:00:00.000002007,26.227605554650886
1970-01-01 00:00:00.000002007,26.97626831418907
1970-01-01 00:00:00.000002007,27.548490451851258
1970-01-01 00:00:00.000002007,27.4182627404106
1970-01-01 00:00:00.000002007,27.410088167204318
1970-01-01 00:00:00.000002007,26.14860718931231
1970-01-01 00:00:00.000002007,26.725743047696906
1970-01-01 00:00:00.000002007,27.32064813046201
1970-01-01 00:00:00.000002007,25.729053579498377
1970-01-01 00:00:00.000002007,25.95551010524023
1970-01-01 00:00:00.000002008,24.02231776083682
1970-01-01 00:00:00.000002008,23.495263401811787
1970-01-01 00:00:00.000002008,22.606810842249335
1970-01-01 00:00:00.000002008,23.35604064320161
1970-01-01 00:00:00.000002008,23.69643211662318
1970-01-01 00:00:00.000002008,22.41681280228194
1970-01-01 00:00:00.000002008,20.90720646266158
1970-01-01 00:00:00.000002008,21.401617360047926
1970-01-01 00:00:00.000002008,20.362733946097514
1970-01-01 00:00:00.000002008,16.387356548789832
1970-01-01 00:00:00.000002008,15.259659405704582
1970-01-01 00:00:00.000002008,15.376080747423769
1970-01-01 00:00:00.000002009,15.174651936879666
1970-01-01 00:00:00.000002009,14.122181801918897
1970-01-01 00:00:00.000002009,13.323667656863927
1970-01-01 00:00:00.000002009,14.981866453039245
1970-01-01 00:00:00.000002009,15.996355755263155
1970-01-01 00:00:00.000002009,16.38418281621534
1970-01-01 00:00:00.000002009,16.694620816995617
1970-01-01 00:00:00.000002009,18.094069801576083
1970-01-01 00:00:00.000002009,18.83190226484009
1970-01-01 00:00:00.000002009,19.358008443486845
1970-01-01 00:00:00.000002009,19.81276107996607
1970-01-01 00:00:00.000002009,20.32237650021655
1970-01-01 00:00:00.000002010,20.527859801454422
1970-01-01 00:00:00.000002010,19.920539306600453
1970-01-01 00:00:00.000002010,21.004601209715368
1970-01-01 00:00:00.000002010,21.804845599625164
1970-01-01 00:00:00.000002010,20.48006863842341
1970-01-01 00:00:00.000002010,19.74203985373946
1970-01-01 00:00:00.000002010,19.66866047071771
1970-01-01 00:00:00.000002010,19.77029917435858
1970-01-01 00:00:00.000002010,20.381395233204035
1970-01-01 00:00:00.000002010,21.240127651759426
1970-01-01 00:00:00.000002010,21.70072382776062
1970-01-01 00:00:00.000002010,22.396379773044213
1970-01-01 00:00:00.000002011,22.978299430554983
1970-01-01 00:00:00.000002011,23.489828703298535
1970-01-01 00:00:00.000002011,22.89933643014364
1970-01-01 00:00:00.000002011,23.14392944728595
1970-01-01 00:00:00.000002011,23.05949150609534
1970-01-01 00:00:00.000002011,22.10083128661099
1970-01-01 00:00:00.000002011,22.610981701156625
1970-01-01 00:00:00.000002011,20.049852721660496
1970-01-01 00:00:00.000002011,19.69811456887771
1970-01-01 00:00:00.000002011,20.155824786688747
1970-01-01 00:00:00.000002011,20.34524679764582
1970-01-01 00:00:00.000002011,20.523575499431697
1970-01-01 00:00:00.000002012,21.213008091803452
1970-01-01 00:00:00.000002012,21.79743596371753
1970-01-01 00:00:00.000002012,22.053943972904708
1970-01-01 00:00:00.000002012,21.779246906824888
1970-01-01 00:00:00.000002012,20.941467419743475
1970-01-01 00:00:00.000002012,20.547504086856083
1970-01-01 00:00:00.000002012,20.999341293380557
1970-01-01 00:00:00.000002012,21.410428453442933
1970-01-01 00:00:00.000002012,21.783690301727678
1970-01-01 00:00:00.000002012,21.577109654528787
1970-01-01 00:00:00.000002012,20.898162059573696
1970-01-01 00:00:00.000002012,21.23826113984562
1970-01-01 00:00:00.000002013,21.900475413821813
1970-01-01 00:00:00.000002013,22.05272433686195
1970-01-01 00:00:00.000002013,22.419207114602578
1970-01-01 00:00:00.000002013,22.59565539610559
1970-01-01 00:00:00.000002013,23.41184178184241
1970-01-01 00:00:00.000002013,22.925333173915337
1970-01-01 00:00:00.000002013,23.492460177159643
1970-01-01 00:00:00.000002013,23.3566490949161
1970-01-01 00:00:00.000002013,23.442287167960608
1970-01-01 00:00:00.000002013,23.834737887631437
1970-01-01 00:00:00.000002013,24.642077092412066
1970-01-01 00:00:00.000002013,24.861869296461947
1970-01-01 00:00:00.000002014,24.859609093632724
1970-01-01 00:00:00.000002014,24.59093087789414
1970-01-01 00:00:00.000002014,24.95603915396539
1970-01-01 00:00:00.000002014,24.78631539696264
1970-01-01 00:00:00.000002014,24.943274109902593
1970-01-01 00:00:00.000002014,25.558007623511294
1970-01-01 00:00:00.000002014,25.817545976158748
1970-01-01 00:00:00.000002014,25.6176064217994
1970-01-01 00:00:00.000002014,25.918436892606202
1970-01-01 00:00:00.000002014,25.16274828308326
1970-01-01 00:00:00.000002014,26.60681714714343
1970-01-01 00:00:00.000002014,26.794085482572566
1970-01-01 00:00:00.000002015,26.492295420383137
1970-01-01 00:00:00.000002015,26.99551369938325
1970-01-01 00:00:00.000002015,26.728605452928488
1970-01-01 00:00:00.000002015,26.791371680192338
1970-01-01 00:00:00.000002015,26.806111379650833
1970-01-01 00:00:00.000002015,26.495895292784848
1970-01-01 00:00:00.000002015,26.381136336399692
1970-01-01 00:00:00.000002015,25.693658417057698
1970-01-01 00:00:00.000002015,24.496752170486435
1970-01-01 00:00:00.000002015,25.491441046066747
1970-01-01 00:00:00.000002015,26.22585189097193
1970-01-01 00:00:00.000002015,25.965424037124176
1970-01-01 00:00:00.000002016,24.206167203878476
1970-01-01 00:00:00.000002016,24.00260677728976
1970-01-01 00:00:00.000002016,25.372298620187912
1970-01-01 00:00:00.000002016,25.922337543673883
1970-01-01 00:00:00.000002016,25.694709923449977
1970-01-01 00:00:00.000002016,25.84037292767051
1970-01-01 00:00:00.000002016,26.694003256096302
1970-01-01 00:00:00.000002016,26.948872433723864
1970-01-01 00:00:00.000002016,26.72787334647854
1970-01-01 00:00:00.000002016,26.525143085070596
1970-01-01 00:00:00.000002016,26.85095353105626
1970-01-01 00:00:00.000002016,27.865098223923525
1970-01-01 00:00:00.000002017,28.06357374212446
1970-01-01 00:00:00.000002017,28.655106525184127
1970-01-01 00:00:00.000002017,29.086921742464643
1970-01-01 00:00:00.000002017,28.904245956275155
1970-01-01 00:00:00.000002017,29.31334498027143
1970-01-01 00:00:00.000002017,29.748503240632747
1970-01-01 00:00:00.000002017,30.00222074401856
1970-01-01 00:00:00.000002017,29.914959397497487
1970-01-01 00:00:00.000002017,30.168114410678903
1970-01-01 00:00:00.000002017,30.920393290333838
1970-01-01 00:00:00.000002017,31.298913333880268
1970-01-01 00:00:00.000002017,32.086132007706
1970-01-01 00:00:00.000002018,33.30734382803066
1970-01-01 00:00:00.000002018,32.03538233925029
1970-01-01 00:00:00.000002018,31.80840905764312
1970-01-01 00:00:00.000002018,30.97017929332522
1970-01-01 00:00:00.000002018,31.243615074864607
1970-01-01 00:00:00.000002018,31.6305564964546
1970-01-01 00:00:00.000002018,31.886366962158977
1970-01-01 00:00:00.000002018,32.390276880301116
1970-01-01 00:00:00.000002018,32.622891120500185
1970-01-01 00:00:00.000002018,31.0379610780065
1970-01-01 00:00:00.000002018,30.195583406705246
1970-01-01 00:00:00.000002018,28.291857012072875
1970-01-01 00:00:00.000002019,28.38016446354758
1970-01-01 00:00:00.000002019,29.541548965131213
1970-01-01 00:00:00.000002019,29.576196014784816
1970-01-01 00:00:00.000002019,30.13351717138751
1970-01-01 00:00:00.000002019,29.242030936939845
1970-01-01 00:00:00.000002019,29.283796275306262
1970-01-01 00:00:00.000002019,29.98668533504252
1970-01-01 00:00:00.000002019,28.705397371833072
1970-01-01 00:00:00.000002019,29.22952023303527
1970-01-01 00:00:00.000002019,28.841122881953403
1970-01-01 00:00:00.000002019,29.836867659083424
1970-01-01 00:00:00.000002019,30.331822322243287
1970-01-01 00:00:00.000002020,30.985220300230694
1970-01-01 00:00:00.000002020,30.729689264735743
1970-01-01 00:00:00.000002020,24.817168629099413
1970-01-01 00:00:00.000002020,25.927358825280162
1970-01-01 00:00:00.000002020,27.328480997698456
1970-01-01 00:00:00.000002020,28.838315955122845
1970-01-01 00:00:00.000002020,29.599194927666993
1970-01-01 00:00:00.000002020,31.15820896535522
1970-01-01 00:00:00.000002020,30.83942604381124
1970-01-01 00:00:00.000002020,31.28369403259284
1970-01-01 00:00:00.000002020,32.47320409661256
1970-01-01 00:00:00.000002020,33.7655914181171
1970-01-01 00:00:00.000002021,34.5124322941069
1970-01-01 00:00:00.000002021,35.103907171969816
1970-01-01 00:00:00.000002021,35.04254511219207
1970-01-01 00:00:00.000002021,36.719814109133
1970-01-01 00:00:00.000002021,36.55213398979905
1970-01-01 00:00:00.000002021,36.696258013088354
1970-01-01 00:00:00.000002021,37.443383184615385
1970-01-01 00:00:00.000002021,37.973500614070474
1970-01-01 00:00:00.000002021,37.62034668665119
1970-01-01 00:00:00.000002021,37.2530250003253
1970-01-01 00:00:00.000002021,38.5826274977192
1970-01-01 00:00:00.000002021,38.30484987346744
1970-01-01 00:00:00.000002022,36.936758070297444
1970-01-01 00:00:00.000002022,35.28714922569486
1970-01-01 00:00:00.000002022,34.270798693291724
1970-01-01 00:00:00.000002022,33.88916475591384
1970-01-01 00:00:00.000002022,30.67315507954513
1970-01-01 00:00:00.000002022,29.047721395103835
1970-01-01 00:00:00.000002022,29.00461831720893
1970-01-01 00:00:00.000002022,30.69876336517529
1970-01-01 00:00:00.000002022,28.22988465582196
1970-01-01 00:00:00.000002022,27.08076692540069
1970-01-01 00:00:00.000002022,28.378949016273314
1970-01-01 00:00:00.000002022,28.316901284527283
1970-01-01 00:00:00.000002023,28.334813423755683
1970-01-01 00:00:00.000002023,28.91976294386663
1970-01-01 00:00:00.000002023,27.953041469070055
1970-01-01 00:00:00.000002023,28.76468407710037
1970-01-01 00:00:00.000002023,28.761805827303075
1970-01-01 00:00:00.000002023,29.939593027231528
1970-01-01 00:00:00.000002023,30.8909260883331
1970-01-01 00:00:00.000002023,30.469742507138623
1970-01-01 00:00:00.000002023,30.810960610791547
