date,PNFI_value,PNFIC96_value,INDPRO_value,PNFI_yoy_pct,PNFIC96_yoy_pct,INDPRO_yoy_pct
1919-01-01,,,4.8654,,,
1919-02-01,,,4.6504,,,
1919-03-01,,,4.516,,,
1919-04-01,,,4.5966,,,
1919-05-01,,,4.6235,,,
1919-06-01,,,4.9192,,,
1919-07-01,,,5.2149,,,
1919-08-01,,,5.2955,,,
1919-09-01,,,5.188,,,
1919-10-01,,,5.1342,,,
1919-11-01,,,5.0536,,,
1919-12-01,,,5.1342,,,
1920-01-01,,,5.6181,,,15.47046491552595
1920-02-01,,,5.6181,,,20.80896266987786
1920-03-01,,,5.5106,,,22.023914968999115
1920-04-01,,,5.2149,,,13.451246573554387
1920-05-01,,,5.3493,,,15.69806423704987
1920-06-01,,,5.403,,,9.834932509351102
1920-07-01,,,5.2686,,,1.0297417016625454
1920-08-01,,,5.2955,,,0.0
1920-09-01,,,5.1073,,,-1.555512721665364
1920-10-01,,,4.8923,,,-4.711542207159836
1920-11-01,,,4.4891,,,-11.17025486781701
1920-12-01,,,4.2203,,,-17.80024151766585
1921-01-01,,,3.9784,,,-29.18602374468237
1921-02-01,,,3.8977,,,-30.622452430537017
1921-03-01,,,3.7902,,,-31.219830871411457
1921-04-01,,,3.7902,,,-27.31979520220905
1921-05-01,,,3.8977,,,-27.13626081917261
1921-06-01,,,3.8708,,,-28.3583194521562
1921-07-01,,,3.8439,,,-27.04133925521012
1921-08-01,,,3.9784,,,-24.87206118402416
1921-09-01,,,4.0052,,,-21.57891645292033
1921-10-01,,,4.2472,,,-13.186027022055058
1921-11-01,,,4.1934,,,-6.58706644984518
1921-12-01,,,4.1665,,,-1.274790891642774
1922-01-01,,,4.3278,,,8.782425095515766
1922-02-01,,,4.516,,,15.863201375169966
1922-03-01,,,4.7579,,,25.531634214553332
1922-04-01,,,4.5966,,,21.27592211492797
1922-05-01,,,4.8385,,,24.137311747953927
1922-06-01,,,5.0805,,,31.251937583961965
1922-07-01,,,5.0805,,,32.17045188480449
1922-08-01,,,4.9729,,,24.997486426704207
1922-09-01,,,5.2417,,,30.872365924298407
1922-10-01,,,5.5374,,,30.37766057637972
1922-11-01,,,5.7794,,,37.82133829350887
1922-12-01,,,5.9406,,,42.58010320412815
1923-01-01,,,5.8062,,,34.16054346319146
1923-02-01,,,5.8869,,,30.35651018600532
1923-03-01,,,6.0751,,,27.68448264990857
1923-04-01,,,6.2095,,,35.08897881042512
1923-05-01,,,6.2901,,,30.001033378113064
1923-06-01,,,6.2363,,,22.74972935734672
1923-07-01,,,6.1826,,,21.69274677689204
1923-08-01,,,6.0751,,,22.164129582336265
1923-09-01,,,5.9406,,,13.333460518534055
1923-10-01,,,5.9138,,,6.797413948784636
1923-11-01,,,5.9138,,,2.325500917050216
1923-12-01,,,5.7794,,,-2.7135306198027176
1924-01-01,,,5.9138,,,1.853191416072475
1924-02-01,,,6.0213,,,2.2830352137797494
1924-03-01,,,5.9138,,,-2.6551003275666174
1924-04-01,,,5.7256,,,-7.792897978903301
1924-05-01,,,5.4837,,,-12.820145943625691
1924-06-01,,,5.2417,,,-15.94855924185815
1924-07-01,,,5.1611,,,-16.522175136673887
1924-08-01,,,5.3493,,,-11.947128442330158
1924-09-01,,,5.5374,,,-6.787193212806786
1924-10-01,,,5.6718,,,-4.092123507727685
1924-11-01,,,5.7794,,,-2.2726504109033208
1924-12-01,,,5.9406,,,2.78921687372391
1925-01-01,,,6.1288,,,3.635564273394421
1925-02-01,,,6.1288,,,1.7853287496055747
1925-03-01,,,6.1288,,,3.635564273394421
1925-04-01,,,6.1826,,,7.981696241441938
1925-05-01,,,6.1557,,,12.25449969910828
1925-06-01,,,6.1019,,,16.410706450197445
1925-07-01,,,6.2632,,,21.35397492782547
1925-08-01,,,6.1557,,,15.074869609107733
1925-09-01,,,6.0751,,,9.710333369451371
1925-10-01,,,6.317,,,11.3755774181036
1925-11-01,,,6.4514,,,11.627504585251058
1925-12-01,,,6.532,,,9.955223378109968
1926-01-01,,,6.4245,,,4.824761780446418
1926-02-01,,,6.4245,,,4.824761780446418
1926-03-01,,,6.5051,,,6.13986424748727
1926-04-01,,,6.5051,,,5.216252062239191
1926-05-01,,,6.4514,,,4.803677892035019
1926-06-01,,,6.532,,,7.048624199019993
1926-07-01,,,6.5589,,,4.72122876484864
1926-08-01,,,6.6396,,,7.861006871679899
1926-09-01,,,6.7471,,,11.061546311994851
1926-10-01,,,6.7471,,,6.80861168276079
1926-11-01,,,6.7202,,,4.166537495737366
1926-12-01,,,6.6933,,,2.46938150642988
1927-01-01,,,6.6664,,,3.765273562144911
1927-02-01,,,6.7202,,,4.602692816561604
1927-03-01,,,6.8008,,,4.545664171188757
1927-04-01,,,6.6396,,,2.0676084917987447
1927-05-01,,,6.6933,,,3.749573735933298
1927-06-01,,,6.6664,,,2.0575627679118247
1927-07-01,,,6.5858,,,0.4101297473661613
1927-08-01,,,6.5858,,,-0.8102897764925565
1927-09-01,,,6.4783,,,-3.983933838241616
1927-10-01,,,6.3439,,,-5.975900757362417
1927-11-01,,,6.3439,,,-5.5995357281033336
1927-12-01,,,6.3707,,,-4.819745118252572
1928-01-01,,,6.5051,,,-2.419596783871369
1928-02-01,,,6.5589,,,-2.400226183744525
1928-03-01,,,6.6127,,,-2.7658510763439503
1928-04-01,,,6.5858,,,-0.8102897764925565
1928-05-01,,,6.6664,,,-0.4018944317451756
1928-06-01,,,6.7202,,,0.8070322812912423
1928-07-01,,,6.8008,,,3.264599593063866
1928-08-01,,,6.9352,,,5.305353943332625
1928-09-01,,,6.989,,,7.883240973712247
1928-10-01,,,7.1234,,,12.287394189694044
1928-11-01,,,7.2578,,,14.405964785069123
1928-12-01,,,7.3922,,,16.034344734487572
1929-01-01,,,7.4997,,,15.28954205162103
1929-02-01,,,7.4728,,,13.933738889143
1929-03-01,,,7.4997,,,13.413582954012714
1929-04-01,,,7.6341,,,15.917580248413255
1929-05-01,,,7.7685,,,16.53216128645145
1929-06-01,,,7.8223,,,16.399809529478283
1929-07-01,,,7.9298,,,16.600988119044825
1929-08-01,,,7.8492,,,13.179144076594753
1929-09-01,,,7.7954,,,11.538131349263136
1929-10-01,,,7.661,,,7.546957913355978
1929-11-01,,,7.2847,,,0.370635729835489
1929-12-01,,,6.9621,,,-5.818294959551951
1930-01-01,,,6.9621,,,-7.168286731469253
1930-02-01,,,6.9352,,,-7.19409056846162
1930-03-01,,,6.8277,,,-8.960358414336566
1930-04-01,,,6.774,,,-11.26655401422565
1930-05-01,,,6.6664,,,-14.186779944648263
1930-06-01,,,6.4783,,,-17.181647341574735
1930-07-01,,,6.1826,,,-22.0333425811496
1930-08-01,,,6.0482,,,-22.945013504560976
1930-09-01,,,5.9406,,,-23.793519254945227
1930-10-01,,,5.7794,,,-24.560762302571455
1930-11-01,,,5.645,,,-22.5088198553132
1930-12-01,,,5.5106,,,-20.848594533258648
1931-01-01,,,5.4837,,,-21.234972206661794
1931-02-01,,,5.5106,,,-20.541584957895957
1931-03-01,,,5.6181,,,-17.71606836855749
1931-04-01,,,5.645,,,-16.666666666666675
1931-05-01,,,5.5643,,,-16.532161286451462
1931-06-01,,,5.4299,,,-16.18325795347545
1931-07-01,,,5.3493,,,-13.47814835182608
1931-08-01,,,5.1611,,,-14.667173704573257
1931-09-01,,,4.9192,,,-17.193549473117187
1931-10-01,,,4.731,,,-18.140291379728
1931-11-01,,,4.6772,,,-17.144375553587242
1931-12-01,,,4.6504,,,-15.609915435705725
1932-01-01,,,4.516,,,-17.646844283968854
1932-02-01,,,4.4084,,,-20.0014517475411
1932-03-01,,,4.3547,,,-22.48802976095121
1932-04-01,,,4.059,,,-28.095659875996446
1932-05-01,,,3.9246,,,-29.468217026400456
1932-06-01,,,3.7902,,,-30.197609532403916
1932-07-01,,,3.6827,,,-31.155478286878655
1932-08-01,,,3.7902,,,-26.56216697990739
1932-09-01,,,4.0321,,,-18.0334200683038
1932-10-01,,,4.1665,,,-11.93193827943352
1932-11-01,,,4.1665,,,-10.91892585307449
1932-12-01,,,4.0859,,,-12.13874075348359
1933-01-01,,,4.0052,,,-11.310894596988474
1933-02-01,,,4.0321,,,-8.535976771617836
1933-03-01,,,3.7902,,,-12.963005488322963
1933-04-01,,,4.059,,,0.0
1933-05-01,,,4.731,,,20.547316924017743
1933-06-01,,,5.4568,,,43.971294390797325
1933-07-01,,,5.9675,,,62.041436989165554
1933-08-01,,,5.7256,,,51.06326842910664
1933-09-01,,,5.403,,,33.999652786389234
1933-10-01,,,5.1342,,,23.22572902916116
1933-11-01,,,4.8385,,,16.12864514580583
1933-12-01,,,4.8654,,,19.07780415575517
1934-01-01,,,5.0267,,,25.504344352341946
1934-02-01,,,5.2686,,,30.666402122963238
1934-03-01,,,5.5106,,,45.39074455173871
1934-04-01,,,5.5106,,,35.76250307957625
1934-05-01,,,5.6181,,,18.75079264426127
1934-06-01,,,5.5106,,,0.9859258173288366
1934-07-01,,,5.1342,,,-13.96397151235862
1934-08-01,,,5.0805,,,-11.26694145591729
1934-09-01,,,4.7848,,,-11.441791597260774
1934-10-01,,,4.9998,,,-2.6177398621012093
1934-11-01,,,5.0536,,,4.445592642347851
1934-12-01,,,5.3761,,,10.496567599786232
1935-01-01,,,5.8062,,,15.507191596872683
1935-02-01,,,5.9138,,,12.246137493831387
1935-03-01,,,5.8869,,,6.828657496461354
1935-04-01,,,5.7794,,,4.877871738104744
1935-05-01,,,5.7794,,,2.871077410512446
1935-06-01,,,5.86,,,6.340507385765615
1935-07-01,,,5.86,,,14.13657434459119
1935-08-01,,,6.075,,,19.57484499557132
1935-09-01,,,6.2363,,,30.335646213007863
1935-10-01,,,6.4245,,,28.49513980559224
1935-11-01,,,6.5589,,,29.786686718378984
1935-12-01,,,6.6395,,,23.500306913933898
1936-01-01,,,6.532,,,12.500430574213771
1936-02-01,,,6.3707,,,7.725996820994951
1936-03-01,,,6.4514,,,9.589087635257943
1936-04-01,,,6.8546,,,18.604007336401708
1936-05-01,,,6.989,,,20.92950825345192
1936-06-01,,,7.1234,,,21.559726962457336
1936-07-01,,,7.2578,,,23.85324232081909
1936-08-01,,,7.3653,,,21.23950617283952
1936-09-01,,,7.4997,,,20.258807305613917
1936-10-01,,,7.6073,,,18.4107712662464
1936-11-01,,,7.8223,,,19.26237631310128
1936-12-01,,,8.0642,,,21.45794111002335
1937-01-01,,,8.0373,,,23.04500918554808
1937-02-01,,,8.1449,,,27.849372910355207
1937-03-01,,,8.333,,,29.16576247016152
1937-04-01,,,8.333,,,21.567998132640877
1937-05-01,,,8.3599,,,19.61510945771927
1937-06-01,,,8.2524,,,15.849173147654197
1937-07-01,,,8.3062,,,14.44514866764035
1937-08-01,,,8.2524,,,12.044315913812053
1937-09-01,,,7.9836,,,6.452258090323615
1937-10-01,,,7.3922,,,-2.827547224376592
1937-11-01,,,6.6664,,,-14.776983751582016
1937-12-01,,,6.075,,,-24.66704694824037
1938-01-01,,,5.9406,,,-26.08711880855511
1938-02-01,,,5.8869,,,-27.72286952571548
1938-03-01,,,5.8869,,,-29.354374174967003
1938-04-01,,,5.7794,,,-30.64442577703108
1938-05-01,,,5.645,,,-32.47526884292875
1938-06-01,,,5.6987,,,-30.944937230381463
1938-07-01,,,6.0213,,,-27.508367243745635
1938-08-01,,,6.3439,,,-23.126605593524307
1938-09-01,,,6.532,,,-18.182273661005052
1938-10-01,,,6.6933,,,-9.45456021211547
1938-11-01,,,6.9621,,,4.435677427097096
1938-12-01,,,7.0428,,,15.930864197530848
1939-01-01,,,7.0428,,,18.55368144631855
1939-02-01,,,7.0965,,,20.547316924017743
1939-03-01,,,7.1234,,,21.00426370415669
1939-04-01,,,7.0965,,,22.789562930407996
1939-05-01,,,7.0696,,,25.236492471213467
1939-06-01,,,7.2309,,,26.886833839296685
1939-07-01,,,7.446,,,23.661003437795824
1939-08-01,,,7.5535,,,19.067135358375765
1939-09-01,,,8.0105,,,22.63472137170852
1939-10-01,,,8.4137,,,25.70331525555407
1939-11-01,,,8.6287,,,23.938179572255503
1939-12-01,,,8.6287,,,22.518032600670203
1940-01-01,,,8.5212,,,20.9916510478787
1940-02-01,,,8.2524,,,16.28831113929401
1940-03-01,,,8.0642,,,13.20717634837296
1940-04-01,,,8.2255,,,15.909251039244698
1940-05-01,,,8.4674,,,19.77198144166572
1940-06-01,,,8.7362,,,20.817602234853204
1940-07-01,,,8.8438,,,18.772495299489652
1940-08-01,,,8.8975,,,17.793076057456815
1940-09-01,,,9.0857,,,13.42238312215216
1940-10-01,,,9.2201,,,9.584368351617002
1940-11-01,,,9.4351,,,9.345556109263264
1940-12-01,,,9.7577,,,13.084242122220036
1941-01-01,,,9.9996,,,17.34966906069566
1941-02-01,,,10.2953,,,24.75522272308661
1941-03-01,,,10.6179,,,31.66712135115697
1941-04-01,,,10.6448,,,29.412193787611685
1941-05-01,,,11.1286,,,31.428773885726446
1941-06-01,,,11.2093,,,28.30864678006457
1941-07-01,,,11.3437,,,28.26726067979828
1941-08-01,,,11.4781,,,29.00365271143577
1941-09-01,,,11.4781,,,26.331487942591103
1941-10-01,,,11.5856,,,25.655903948981027
1941-11-01,,,11.6394,,,23.36276245084843
1941-12-01,,,11.8275,,,21.211965934595245
1942-01-01,,,12.0695,,,20.699827993119733
1942-02-01,,,12.2845,,,19.321437937699734
1942-03-01,,,12.4189,,,16.96192279075901
1942-04-01,,,12.0695,,,13.38399969938373
1942-05-01,,,12.0963,,,8.695613104972754
1942-06-01,,,12.1232,,,8.15305148403558
1942-07-01,,,12.4189,,,9.478388885460664
1942-08-01,,,12.7952,,,11.474895670886289
1942-09-01,,,13.0909,,,14.051106019288916
1942-10-01,,,13.521,,,16.7052202734429
1942-11-01,,,13.8436,,,18.93740227159475
1942-12-01,,,14.1662,,,19.7734094271824
1943-01-01,,,14.3006,,,18.48543850200919
1943-02-01,,,14.6769,,,19.474948105335987
1943-03-01,,,14.7844,,,19.04758070360497
1943-04-01,,,14.9726,,,24.05319193007167
1943-05-01,,,15.0801,,,24.66704694824038
1943-06-01,,,14.9995,,,23.72558400422329
1943-07-01,,,15.4564,,,24.458687967533344
1943-08-01,,,15.779,,,23.31968238089284
1943-09-01,,,16.1822,,,23.614113620912256
1943-10-01,,,16.4241,,,21.471045041047244
1943-11-01,,,16.6392,,,20.194169146753715
1943-12-01,,,16.4241,,,15.9386426847002
1944-01-01,,,16.6123,,,16.16505601163589
1944-02-01,,,16.7467,,,14.102433075104416
1944-03-01,,,16.7198,,,13.09082546467899
1944-04-01,,,16.7198,,,11.669315950469516
1944-05-01,,,16.6123,,,10.160410076856262
1944-06-01,,,16.5585,,,10.393679789326304
1944-07-01,,,16.5317,,,6.956988690768884
1944-08-01,,,16.7467,,,6.132834780404339
1944-09-01,,,16.6392,,,2.82409066752356
1944-10-01,,,16.693,,,1.6372282195067145
1944-11-01,,,16.5585,,,-0.4849992788114821
1944-12-01,,,16.5048,,,0.491351124262529
1945-01-01,,,16.3435,,,-1.6180781709937977
1945-02-01,,,16.2897,,,-2.728895842165924
1945-03-01,,,16.1822,,,-3.215349465902684
1945-04-01,,,15.8865,,,-4.98391129080491
1945-05-01,,,15.4564,,,-6.958097313436429
1945-06-01,,,15.107,,,-8.765890630189933
1945-07-01,,,14.7576,,,-10.731503717101088
1945-08-01,,,13.2253,,,-21.027426298912623
1945-09-01,,,12.0426,,,-27.62512620799076
1945-10-01,,,11.5587,,,-30.757203618283118
1945-11-01,,,11.9888,,,-27.597306519310315
1945-12-01,,,12.0426,,,-27.03577141195288
1946-01-01,,,11.3706,,,-30.427387034600905
1946-02-01,,,10.8061,,,-33.66298949643025
1946-03-01,,,11.9351,,,-26.245504319561007
1946-04-01,,,11.72,,,-26.22667044345828
1946-05-01,,,11.2899,,,-26.95647110582025
1946-06-01,,,11.9888,,,-20.640762560402457
1946-07-01,,,12.392,,,-16.029706727381154
1946-08-01,,,12.849,,,-2.8453040762780435
1946-09-01,,,13.0909,,,8.704930828890767
1946-10-01,,,13.3329,,,15.349477017311642
1946-11-01,,,13.4135,,,11.88359135192847
1946-12-01,,,13.4941,,,12.053045023499909
1947-01-01,24.818,,13.6554,,,20.09392644187642
1947-02-01,,,13.7361,,,27.11431506278861
1947-03-01,,,13.8167,,,15.765263801727691
1947-04-01,25.171,,13.7092,,,16.972696245733765
1947-05-01,,,13.7629,,,21.904534141135
1947-06-01,,,13.7629,,,14.797978112905374
1947-07-01,25.361,,13.6823,,,10.412362814719176
1947-08-01,,,13.7629,,,7.11261576776403
1947-09-01,,,13.8705,,,5.955281913390209
1947-10-01,26.54,,14.0049,,,5.040163805323661
1947-11-01,,,14.193,,,5.811309501621498
1947-12-01,,,14.2468,,,5.5779933452397845
1948-01-01,28.231,,14.3274,13.75211540011283,,4.921130102377092
1948-02-01,,,14.3543,,,4.500549646551777
1948-03-01,,,14.1931,,,2.724239507262949
1948-04-01,28.05,,14.2199,11.437765682730138,,3.725235608204725
1948-05-01,,,14.4618,,,5.07814486772411
1948-06-01,,,14.65,,,6.445589229014237
1948-07-01,29.081,,14.65,14.668191317377063,,7.0726412956885865
1948-08-01,,,14.5962,,,6.054683242630543
1948-09-01,,,14.4887,,,4.456940989870595
1948-10-01,30.16,,14.5963,13.639788997739256,,4.222807731579659
1948-11-01,,,14.4081,,,1.5155358275205977
1948-12-01,,,14.2737,,,0.1888143302355649
1949-01-01,28.583,,14.1393,1.2468562927278493,,-1.312869048117593
1949-02-01,,,14.0049,,,-2.434113819552341
1949-03-01,,,13.7361,,,-3.2198744460336326
1949-04-01,27.476,,13.6554,-2.046345811051697,,-3.9697888170802886
1949-05-01,,,13.4673,,,-6.87673733560138
1949-06-01,,,13.4404,,,-8.256655290102389
1949-07-01,26.112,,13.4135,-10.20941508201232,,-8.440273037542656
1949-08-01,,,13.5479,,,-7.182006275605978
1949-09-01,,,13.6823,,,-5.565716730969649
1949-10-01,25.628,,13.1716,-15.02652519893899,,-9.760692778306836
1949-11-01,,,13.521,,,-6.156953380390185
1949-12-01,,,13.7629,,,-3.578609610682581
1950-01-01,26.386,,14.0049,-7.686387013259632,,-0.9505421060448604
1950-02-01,,,14.0586,,,0.3834372255425045
1950-03-01,,,14.5156,,,5.6748276439455125
1950-04-01,28.855,,14.9995,5.018925607803171,,9.84299251578129
1950-05-01,,,15.3489,,,13.97162014657727
1950-06-01,,,15.8059,,,17.59992262135055
1950-07-01,31.91,,16.3166,22.20435049019609,,21.643120736571376
1950-08-01,,,16.8274,,,24.206703621963555
1950-09-01,,,16.7198,,,22.20021487615387
1950-10-01,32.919,,16.8273,28.449352270953643,,27.75441100549669
1950-11-01,,,16.8005,,,24.254862806005463
1950-12-01,,,17.0962,,,24.219459561574965
1951-01-01,33.139,,17.1499,25.59311756234368,,22.4564259651979
1951-02-01,,,17.2575,,,22.75404378814392
1951-03-01,,,17.3381,,,19.444597536443563
1951-04-01,34.124,,17.365,18.260266851498884,,15.770525684189462
1951-05-01,,,17.3112,,,12.784629517424694
1951-06-01,,,17.2306,,,9.013722723793016
1951-07-01,34.843,,16.9618,9.19147602632404,,3.9542551757106192
1951-08-01,,,16.8005,,,-0.1598583263011543
1951-09-01,,,16.908,,,1.1256115503774031
1951-10-01,34.642,,16.8811,5.234059357817689,,0.3197185525901203
1951-11-01,,,17.0155,,,1.2797238177435275
1951-12-01,,,17.123,,,0.1567599817503318
1952-01-01,35.131,,17.3112,6.011044388786613,,0.9405302654825975
1952-02-01,,,17.4187,,,0.9340866290018957
1952-03-01,,,17.4725,,,0.7751714432377321
1952-04-01,35.765,,17.3112,4.808932129879251,,-0.3098186006334491
1952-05-01,,,17.1499,,,-0.9317667175008147
1952-06-01,,,16.9886,,,-1.4044780796954148
1952-07-01,32.892,,16.7198,-5.599403036477913,,-1.426735370066856
1952-08-01,,,17.7951,,,5.92006190291956
1952-09-01,,,18.4402,,,9.061982493494192
1952-10-01,35.816,,18.6284,3.388949829686516,,10.350628809733964
1952-11-01,,,19.0047,,,11.690517469366156
1952-12-01,,,19.1122,,,11.617123167669208
1953-01-01,37.791,,19.166,7.571660356949694,,10.7144507602015
1953-02-01,,,19.2735,,,10.648326224115443
1953-03-01,,,19.4348,,,11.230791243382445
1953-04-01,38.465,,19.5154,7.549280022368254,,12.732797264198892
1953-05-01,,,19.6229,,,14.419909153989252
1953-06-01,,,19.5423,,,15.031844884216472
1953-07-01,39.614,,19.7842,20.4365803234829,,18.3279704302683
1953-08-01,,,19.6767,,,10.57369725373838
1953-09-01,,,19.2735,,,4.51893146495157
1953-10-01,39.2,,19.1122,9.448291266473085,,2.597109789353902
1953-11-01,,,18.6553,,,-1.838492583413576
1953-12-01,,,18.1983,,,-4.781762434465953
1954-01-01,38.332,,18.0639,1.4315577783070133,,-5.750286966503182
1954-02-01,,,18.1176,,,-5.997353879679346
1954-03-01,,,18.0101,,,-7.3306645810607645
1954-04-01,38.159,,17.9026,-0.7955284024437903,,-8.264242598153249
1954-05-01,,,18.0101,,,-8.218968653970615
1954-06-01,,,18.0639,,,-7.565127953209194
1954-07-01,38.879,,18.0907,-1.8554046549199787,,-8.559860899101302
1954-08-01,,,18.0639,,,-8.196496363719529
1954-09-01,,,18.0908,,,-6.136404908293757
1954-10-01,38.89,,18.3058,-0.790816326530619,,-4.219294482058578
1954-11-01,,,18.6015,,,-0.2883898945607921
1954-12-01,,,18.8434,,,3.5448366056169966
1955-01-01,39.48,,19.2735,2.994886778670547,,6.696228389218262
1955-02-01,,,19.5154,,,7.715149909480279
1955-03-01,,,19.9724,,,10.895553050788154
1955-04-01,42.063,,20.2143,10.230876071175876,,12.912649559281908
1955-05-01,,,20.5369,,,14.029905441946443
1955-06-01,,,20.5638,,,13.839204158570409
1955-07-01,44.826,,20.7251,15.29617531315106,,14.562178356835286
1955-08-01,,,20.6982,,,14.58322953515021
1955-09-01,,,20.8326,,,15.155769783536366
1955-10-01,47.085,,21.182,21.072255078426338,,15.711960143779557
1955-11-01,,,21.2358,,,14.161761148294485
1955-12-01,,,21.3164,,,13.123958521285983
1956-01-01,47.772,,21.4508,21.003039513677813,,11.296858380678154
1956-02-01,,,21.2627,,,8.953441897168378
1956-03-01,,,21.2627,,,6.460415373215023
1956-04-01,49.062,,21.424,16.63932672419941,,5.984377396199703
1956-05-01,,,21.2358,,,3.403142635938239
1956-06-01,,,21.0476,,,2.352678006983133
1956-07-01,50.746,,20.4025,13.20662115736404,,-1.5565666751909624
1956-08-01,,,21.2358,,,2.597327303823516
1956-09-01,,,21.7197,,,4.258229889692111
1956-10-01,51.41,,21.9078,9.185515556971424,,3.426494193182905
1956-11-01,,,21.7197,,,2.2786991778035226
1956-12-01,,,22.0422,,,3.4048901315419045
1957-01-01,52.465,,21.9616,9.823746127438682,,2.381263169671999
1957-02-01,,,22.1766,,,4.298137113348743
1957-03-01,,,22.1498,,,4.172094795110692
1957-04-01,52.64,,21.8541,7.292813175166124,,2.0075616131441265
1957-05-01,,,21.7734,,,2.5315740400644104
1957-06-01,,,21.8272,,,3.7039852524753503
1957-07-01,54.066,,21.9616,6.542387577345998,,7.641710574684479
1957-08-01,,,21.9616,,,3.417813315250662
1957-09-01,,,21.7734,,,0.2472409839914924
1957-10-01,53.215,,21.4508,3.510990079751042,,-2.086015026611532
1957-11-01,,,20.9401,,,-3.589368177276841
1957-12-01,,,20.5369,,,-6.829173131538601
1958-01-01,49.369,,20.1606,-5.901076908415137,,-8.20067754626258
1958-02-01,,,19.7305,,,-11.03009478459277
1958-03-01,,,19.4885,,,-12.015006907511584
1958-04-01,47.83,,19.166,-9.137537993920974,,-12.300209114079276
1958-05-01,,,19.3541,,,-11.111264203110215
1958-06-01,,,19.8649,,,-8.990159067585413
1958-07-01,47.435,,20.1606,-12.264639514667264,,-8.20067754626258
1958-08-01,,,20.5638,,,-6.364745738015443
1958-09-01,,,20.752,,,-4.691045036604303
1958-10-01,49.332,,20.9939,-7.296814807854934,,-2.1299904898651856
1958-11-01,,,21.6121,,,3.209153728969772
1958-12-01,,,21.639,,,5.366437972624882
1959-01-01,50.942,,21.9616,3.1862099698191093,,8.933265875023565
1959-02-01,,,22.3917,,,13.487747396163297
1959-03-01,,,22.7142,,,16.551812607435167
1959-04-01,52.735,,23.1981,10.255070039724036,,21.037775226964417
1959-05-01,,,23.5476,,,21.667243633132
1959-06-01,,,23.5744,,,18.673640441180183
1959-07-01,54.421,,23.0099,14.72752187203541,,14.13301191432794
1959-08-01,,,22.2304,,,8.104533208842724
1959-09-01,,,22.2035,,,6.9945065535852
1959-10-01,54.398,,22.0422,10.269196464769315,,4.993355212704653
1959-11-01,,,22.1766,,,2.611962743092988
1959-12-01,,,23.5475,,,8.819723647118627
1960-01-01,56.322,,24.1658,10.56103019119783,,10.036609354509697
1960-02-01,,,23.9508,,,6.962847840941078
1960-03-01,,,23.7357,,,4.497186781836904
1960-04-01,57.188,,23.5476,8.444107329098326,,1.506588901677297
1960-05-01,,,23.5207,,,-0.1142366950347306
1960-06-01,,,23.225,,,-1.4821161938373797
1960-07-01,56.165,,23.1443,3.20464526561437,,0.5840964106754276
1960-08-01,,,23.1175,,,3.990481502806964
1960-09-01,,,22.8755,,,3.0265498682640057
1960-10-01,55.882,,22.8487,2.728041472112941,,3.658890673344773
1960-11-01,,,22.5261,,,1.575985498227861
1960-12-01,,,22.096,,,-6.16413632020384
1961-01-01,55.012,,22.1229,-2.325911721884877,,-8.453682476888824
1961-02-01,,,22.096,,,-7.744208961704835
1961-03-01,,,22.2304,,,-6.341923768837665
1961-04-01,56.198,,22.6874,-1.731132405399738,,-3.653026210739097
1961-05-01,,,23.0368,,,-2.057336728923897
1961-06-01,,,23.3594,,,0.5786867599569367
1961-07-01,56.712,,23.6282,0.9739161399448192,,2.0907955738561856
1961-08-01,,,23.8432,,,3.1391802746836728
1961-09-01,,,23.8164,,,4.113134139144514
1961-10-01,58.473,,24.2733,4.63655559929852,,6.234928026539799
1961-11-01,,,24.6497,,,9.427286569801252
1961-12-01,,,24.8647,,,12.53032223026791
1962-01-01,59.656,,24.6496,8.441794517559797,,11.421197040171036
1962-02-01,,,25.0529,,,13.382060101375814
1962-03-01,,,25.1873,,,13.301155174895651
1962-04-01,61.356,,25.241,9.178262571621776,,11.25558680148453
1962-05-01,,,25.2141,,,9.451399499930544
1962-06-01,,,25.1604,,,7.709958303723541
1962-07-01,62.101,,25.4023,9.502398081534768,,7.508400978491814
1962-08-01,,,25.4292,,,6.651791705811316
1962-09-01,,,25.5905,,,7.44906870895683
1962-10-01,61.819,,25.6174,5.722299180818502,,5.5373599798956175
1962-11-01,,,25.7249,,,4.361919211998533
1962-12-01,,,25.7249,,,3.459522938141224
1963-01-01,61.973,,25.913,3.883934558133295,,5.125438140984029
1963-02-01,,,26.2088,,,4.613837120652686
1963-03-01,,,26.37,,,4.695620411874235
1963-04-01,63.883,,26.612,4.11858660929656,,5.431639000039623
1963-05-01,,,26.9345,,,6.823166402925351
1963-06-01,,,27.0152,,,7.37190187755361
1963-07-01,65.712,,26.9076,5.814721180013205,,5.92584136082166
1963-08-01,,,26.9614,,,6.025356676576532
1963-09-01,,,27.2302,,,6.407455891834868
1963-10-01,67.669,,27.4184,9.4631100470729,,7.030377790095788
1963-11-01,,,27.5528,,,7.105566979852207
1963-12-01,,,27.499,,,6.896431084280197
1964-01-01,69.113,,27.7409,11.521146305649244,,7.053988345618034
1964-02-01,,,27.9291,,,6.563825890540564
1964-03-01,,,27.9291,,,5.912400455062561
1964-04-01,71.075,,28.3861,11.258081179656564,,6.66654140989027
1964-05-01,,,28.5474,,,5.988230707828257
1964-06-01,,,28.628,,,5.9699724599484805
1964-07-01,73.406,,28.8162,11.70866812758704,,7.09316326985685
1964-08-01,,,29.0043,,,7.577128784113585
1964-09-01,,,29.1119,,,6.910342193593877
1964-10-01,75.324,,28.7087,11.312417798401045,,4.705963878271535
1964-11-01,,,29.5957,,,7.414491449144922
1964-12-01,,,29.9452,,,8.895596203498313
1965-01-01,80.23,,30.2677,16.085251689262513,,9.108572540905314
1965-02-01,,,30.4559,,,9.047194503224244
1965-03-01,,,30.8591,,,10.490850045293264
1965-04-01,83.382,,30.9935,17.315511783327466,,9.185481626570756
1965-05-01,,,31.2354,,,9.41591878770045
1965-06-01,,,31.4774,,,9.95319267849657
1965-07-01,86.686,,31.7731,18.09116421001009,,10.261241940297472
1965-08-01,,,31.9075,,,10.009550308057769
1965-09-01,,,31.9881,,,9.87980860060662
1965-10-01,90.645,,32.3107,20.340130635653964,,12.546719287184716
1965-11-01,,,32.4451,,,9.627749977192623
1965-12-01,,,32.8483,,,9.69470900177658
1966-01-01,94.382,,33.1709,17.639287049732012,,9.591743013179066
1966-02-01,,,33.3859,,,9.62046762696227
1966-03-01,,,33.8429,,,9.66910895003419
1966-04-01,96.823,,33.8967,16.119786044949723,,9.367125364995887
1966-05-01,,,34.2192,,,9.552622985458804
1966-06-01,,,34.3805,,,9.22280747456905
1966-07-01,98.325,,34.5687,13.426620215490392,,8.798637841444501
1966-08-01,,,34.5955,,,8.424351641463623
1966-09-01,,,34.9181,,,9.159656247166923
1966-10-01,99.163,,35.16,9.397098571349783,,8.818440949902051
1966-11-01,,,34.9181,,,7.622106265661088
1966-12-01,,,34.9987,,,6.5464575031280114
1967-01-01,97.999,,35.1638,3.832298531499645,,6.007976871293819
1967-02-01,,,34.765,,,4.130785750870869
1967-03-01,,,34.5691,,,2.145797198230648
1967-04-01,98.297,,34.8951,1.5223655536391156,,2.945419465611687
1967-05-01,,,34.5907,,,1.0856478234441358
1967-06-01,,,34.5863,,,0.5985951338695061
1967-07-01,98.785,,34.5076,0.4678362573099281,,-0.1767494872529251
1967-08-01,,,35.1687,,,1.6568628867916324
1967-09-01,,,35.1116,,,0.5541538628963227
1967-10-01,101.744,,35.3976,2.6027853130704104,,0.6757679180887433
1967-11-01,,,35.9038,,,2.822891279880624
1967-12-01,,,36.2905,,,3.690994236928802
1968-01-01,105.582,,36.2514,7.737834059531212,,3.092953548820088
1968-02-01,,,36.3813,,,4.649216165683878
1968-03-01,,,36.4949,,,5.5708710958630725
1968-04-01,105.299,,36.5477,7.123309968768132,,4.73590847998715
1968-05-01,,,36.9577,,,6.842879733570029
1968-06-01,,,37.0934,,,7.248823956306394
1968-07-01,107.609,,37.0366,8.932530242445713,,7.328820317843032
1968-08-01,,,37.1399,,,5.604983977229749
1968-09-01,,,37.2806,,,6.177445630503864
1968-10-01,112.182,,37.3546,10.25908161660638,,5.528623409496691
1968-11-01,,,37.8378,,,5.38661645842502
1968-12-01,,,37.9573,,,4.592937545638653
1969-01-01,115.993,,38.1869,9.86058229622473,,5.339104144943385
1969-02-01,,,38.4313,,,5.634762913914559
1969-03-01,,,38.7326,,,6.131541667465856
1969-04-01,118.368,,38.5901,12.411323944196994,,5.588313354875951
1969-05-01,,,38.4443,,,4.022436461143397
1969-06-01,,,38.8198,,,4.65419724263616
1969-07-01,122.408,,39.0248,13.75256716445652,,5.36820334479946
1969-08-01,,,39.1145,,,5.316654056688375
1969-09-01,,,39.1057,,,4.895575714983136
1969-10-01,123.284,,39.1171,9.896418320229628,,4.71829440015421
1969-11-01,,,38.7484,,,2.4065881208738205
1969-12-01,,,38.6444,,,1.8101919788815255
1970-01-01,123.796,,37.9288,6.727130085436195,,-0.6758862332370441
1970-02-01,,,37.9038,,,-1.3725791217054972
1970-03-01,,,37.8546,,,-2.266824328859929
1970-04-01,125.008,,37.7573,5.609624222762899,,-2.1580664470939426
1970-05-01,,,37.7133,,,-1.9014522308898885
1970-06-01,,,37.5913,,,-3.164622177342502
1970-07-01,126.255,,37.6836,3.1427684465067607,,-3.4367889137164043
1970-08-01,,,37.6164,,,-3.830037454141044
1970-09-01,,,37.3571,,,-4.471470910890218
1970-10-01,123.52,,36.6098,0.1914279225203596,,-6.409728737559794
1970-11-01,,,36.3881,,,-6.091348287929299
1970-12-01,,,37.2237,,,-3.676341203382627
1971-01-01,126.281,,37.5101,2.007334647323012,,-1.1039104849085657
1971-02-01,,,37.4386,,,-1.2273175776571057
1971-03-01,,,37.398,,,-1.2061942273858262
1971-04-01,129.481,,37.608,3.578170997056196,,-0.3954202233740322
1971-05-01,,,37.7989,,,0.226975629287307
1971-06-01,,,37.9574,,,0.9738955556205964
1971-07-01,131.19,,37.8472,3.90875608886776,,0.4341411117833926
1971-08-01,,,37.6276,,,0.0297742474027362
1971-09-01,,,38.2391,,,2.3609969724630586
1971-10-01,134.711,,38.5253,9.060071243523328,,5.232205584297112
1971-11-01,,,38.6888,,,6.322671422800319
1971-12-01,,,39.1355,,,5.135975198596587
1972-01-01,140.585,,40.0728,11.327119677544516,,6.832026574176031
1972-02-01,,,40.4789,,,8.120763062721359
1972-03-01,,,40.761,,,8.992459489812287
1972-04-01,143.976,,41.1654,11.194692657609997,,9.45915762603702
1972-05-01,,,41.1693,,,8.916661595972354
1972-06-01,,,41.2778,,,8.747701370483751
1972-07-01,147.015,,41.2389,12.062657214726723,,8.961561225136872
1972-08-01,,,41.805,,,11.101957074062652
1972-09-01,,,42.1288,,,10.17204902835056
1972-10-01,154.967,,42.6703,15.036633979407776,,10.759163458817955
1972-11-01,,,43.1755,,,11.59689625938256
1972-12-01,,,43.6617,,,11.565458471209023
1973-01-01,162.839,,43.9783,15.82956929971191,,9.746012257690984
1973-02-01,,,44.6103,,,10.206305013229125
1973-03-01,,,44.6294,,,9.490444297244904
1973-04-01,171.283,,44.568,18.966355503695056,,8.265679429812423
1973-05-01,,,44.8608,,,8.96663290364421
1973-06-01,,,44.9186,,,8.820237512658125
1973-07-01,176.642,,45.085,20.15236540489067,,9.326388434221087
1973-08-01,,,45.0221,,,7.695490969979679
1973-09-01,,,45.3801,,,7.717523404416937
1973-10-01,180.142,,45.7462,16.245394180696525,,7.208526773891921
1973-11-01,,,45.9548,,,6.4372155504857975
1973-12-01,,,45.8252,,,4.955143752991753
1974-01-01,183.404,,45.5207,12.629038498148471,,3.507184224947313
1974-02-01,,,45.3825,,,1.7309903766618897
1974-03-01,,,45.3798,,,1.6814028420727212
1974-04-01,188.818,,45.247,10.237443295598524,,1.523514629330469
1974-05-01,,,45.6083,,,1.6662654254939735
1974-06-01,,,45.5216,,,1.3424283036425957
1974-07-01,194.485,,45.6136,10.101221680008155,,1.172452035044902
1974-08-01,,,45.1303,,,0.2403264174705155
1974-09-01,,,45.1377,,,-0.5341548387949757
1974-10-01,197.569,,44.995,9.67403492800123,,-1.6421036064197758
1974-11-01,,,43.5148,,,-5.309565050876075
1974-12-01,,,41.9503,,,-8.455827797805583
1975-01-01,193.137,,41.3689,5.30686353623695,,-9.120685753953694
1975-02-01,,,40.4252,,,-10.923373547072114
1975-03-01,,,39.9804,,,-11.89824547485886
1975-04-01,193.276,,40.0572,2.3610037178658727,,-11.469931708179548
1975-05-01,,,39.9402,,,-12.427781785332936
1975-06-01,,,40.1927,,,-11.706310850233724
1975-07-01,197.807,,40.6115,1.7081008818160548,,-10.966246908816668
1975-08-01,,,41.0114,,,-9.126684289712228
1975-09-01,,,41.5422,,,-7.965625186928005
1975-10-01,202.883,,41.7224,2.689693221102507,,-7.273252583620393
1975-11-01,,,41.7797,,,-3.9873790066827897
1975-12-01,,,42.3462,,,0.9437358016510132
1976-01-01,209.504,,42.9082,8.47429544830871,,3.7209111192224142
1976-02-01,,,43.3407,,,7.212085530807522
1976-03-01,,,43.4281,,,8.62347550299647
1976-04-01,215.008,,43.6518,11.244024089902528,,8.973667655252981
1976-05-01,,,43.8315,,,9.742815509186231
1976-06-01,,,43.8775,,,9.167833959898177
1976-07-01,222.627,,44.1248,12.547584261426548,,8.650997870061428
1976-08-01,,,44.4262,,,8.326465324275677
1976-09-01,,,44.5711,,,7.291140093687876
1976-10-01,230.244,,44.56,13.486097898788962,,6.801142791402226
1976-11-01,,,45.2454,,,8.29517684425689
1976-12-01,,,45.731,,,7.993161133702675
1977-01-01,243.278,,45.4156,16.120933251871094,,5.843638278930352
1977-02-01,,,46.1358,,,6.449134416379998
1977-03-01,,,46.7158,,,7.570444021267342
1977-04-01,253.749,,47.1719,18.0183993153743,,8.064043178059087
1977-05-01,,,47.541,,,8.463091612196694
1977-06-01,,,47.9063,,,9.181926955729036
1977-07-01,263.268,,47.9714,18.255198156557807,,8.717546595112058
1977-08-01,,,48.0157,,,8.079691713448378
1977-09-01,,,48.2097,,,8.16358582130572
1977-10-01,275.943,,48.2839,19.8480742169177,,8.357046678635548
1977-11-01,,,48.3755,,,6.918051337815578
1977-12-01,,,48.4573,,,5.9616015394371225
1978-01-01,282.424,,47.7512,16.091056322396604,,5.142726287883459
1978-02-01,,,48.0098,,,4.0619215446572765
1978-03-01,,,48.9358,,,4.752139533091593
1978-04-01,309.351,,49.9074,21.91220458011658,,5.799003220137422
1978-05-01,,,50.1513,,,5.490629141162362
1978-06-01,,,50.4751,,,5.362133999077368
1978-07-01,325.1,,50.4371,23.48633331813972,,5.139937546121232
1978-08-01,,,50.6393,,,5.464046134910028
1978-09-01,,,50.7631,,,5.296444491461272
1978-10-01,341.428,,51.1523,23.73135031510132,,5.94069658830374
1978-11-01,,,51.5456,,,6.553110562164721
1978-12-01,,,51.806,,,6.910620278059243
1979-01-01,356.695,,51.525,26.297694246947856,,7.903047462681578
1979-02-01,,,51.778,,,7.848814200434084
1979-03-01,,,51.9382,,,6.135385545960226
1979-04-01,364.268,,51.3251,17.752326645137707,,2.840660903994197
1979-05-01,,,51.7782,,,3.2439837053077403
1979-06-01,,,51.7865,,,2.5981127328128077
1979-07-01,383.003,,51.7029,17.810827437711453,,2.509660547493797
1979-08-01,,,51.3658,,,1.434656482218366
1979-09-01,,,51.3623,,,1.1803849646692122
1979-10-01,391.332,,51.7175,14.616258771981204,,1.104935652942296
1979-11-01,,,51.6341,,,0.1716926371988947
1979-12-01,,,51.6694,,,-0.2636760220823708
1980-01-01,404.492,,51.944,13.39996355429709,,0.8131974769529426
1980-02-01,,,51.9633,,,0.3578740005407699
1980-03-01,,,51.7454,,,-0.3712104000523797
1980-04-01,394.68,,50.7197,8.348798137634938,,-1.1795398352852593
1980-05-01,,,49.4766,,,-4.44511396688182
1980-06-01,,,48.8383,,,-5.692989485676769
1980-07-01,405.717,,48.4907,5.930501849854952,,-6.212804310783349
1980-08-01,,,48.6456,,,-5.295741524516306
1980-09-01,,,49.4578,,,-3.7079725791095752
1980-10-01,422.755,,50.0861,8.029754786217325,,-3.1544448204186226
1980-11-01,,,50.9209,,,-1.3812577347140589
1980-12-01,,,51.257,,,-0.79815132360741
1981-01-01,443.025,,50.9328,9.526269988034365,,-1.946711843523796
1981-02-01,,,50.7237,,,-2.385529787369156
1981-03-01,,,50.9806,,,-1.4780057744263164
1981-04-01,462.864,,50.7661,17.275767710550305,,0.0914831909494706
1981-05-01,,,51.0552,,,3.190599192345478
1981-06-01,,,51.3214,,,5.08432930712166
1981-07-01,482.109,,51.6555,18.82888811659358,,6.526612319475711
1981-08-01,,,51.5903,,,6.053373789201899
1981-09-01,,,51.3429,,,3.811532255781702
1981-10-01,503.755,,50.9463,19.16003358919469,,1.7174425639049584
1981-11-01,,,50.3546,,,-1.1121170285678494
1981-12-01,,,49.8086,,,-2.825760383947562
1982-01-01,500.083,,48.7877,12.879182890356075,,-4.2116278704489085
1982-02-01,,,49.7839,,,-1.8527828214424336
1982-03-01,,,49.4477,,,-3.0068300490775024
1982-04-01,490.069,,48.9913,5.877536382177073,,-3.496033770567364
1982-05-01,,,48.6669,,,-4.677878061392383
1982-06-01,,,48.5415,,,-5.416648805371638
1982-07-01,478.723,,48.3775,-0.7023308007110374,,-6.345887659590954
1982-08-01,,,47.9382,,,-7.079043928800566
1982-09-01,,,47.8139,,,-6.873394373905651
1982-10-01,471.521,,47.3575,-6.398745421881669,,-7.044279957523902
1982-11-01,,,47.2078,,,-6.2492801054918505
1982-12-01,,,46.8713,,,-5.897174383540193
1983-01-01,462.106,,47.7398,-7.594139372864106,,-2.147877436321033
1983-02-01,,,47.4484,,,-4.691275693547514
1983-03-01,,,47.8426,,,-3.24605593384526
1983-04-01,466.455,,48.4483,-4.81850514927491,,-1.1083600557650009
1983-05-01,,,48.747,,,0.1645882519741404
1983-06-01,,,49.0434,,,1.0339606316244865
1983-07-01,485.371,,49.7739,1.388694506008692,,2.8864658157201184
1983-08-01,,,50.364,,,5.060265091305038
1983-09-01,,,51.0937,,,6.859511564628695
1983-10-01,514.687,,51.4902,9.154629380239696,,8.726600855197164
1983-11-01,,,51.721,,,9.560284529251527
1983-12-01,,,51.9769,,,10.892806472190886
1984-01-01,531.465,,53.0088,15.009326864399084,,11.03691259703643
1984-02-01,,,53.2486,,,12.22422673894168
1984-03-01,,,53.5028,,,11.830878756589325
1984-04-01,558.274,,53.8233,19.684428294262048,,11.09430052241256
1984-05-01,,,54.1104,,,11.002523232198902
1984-06-01,,,54.3075,,,10.733554362054832
1984-07-01,576.642,,54.4587,18.80437850633847,,9.412161795639884
1984-08-01,,,54.5239,,,8.2596696052736
1984-09-01,,,54.3696,,,6.411553674914905
1984-10-01,590.903,,54.3474,14.808223250247243,,5.549017094515074
1984-11-01,,,54.529,,,5.429129367181629
1984-12-01,,,54.5556,,,4.96124239806528
1985-01-01,599.417,,54.527,12.785790221369233,,2.8640527610509947
1985-02-01,,,54.6871,,,2.7014794755167326
1985-03-01,,,54.7673,,,2.363427708456367
1985-04-01,609.088,,54.6467,9.101982180792945,,1.5298207281976284
1985-05-01,,,54.7396,,,1.1628078890564495
1985-06-01,,,54.711,,,0.7429912995442711
1985-07-01,604.432,,54.4365,4.819281287176436,,-0.0407648364724066
1985-08-01,,,54.6121,,,0.1617639237105228
1985-09-01,,,54.8147,,,0.818656013654695
1985-10-01,618.067,,54.6228,4.5970320001760046,,0.5067399728413857
1985-11-01,,,54.8123,,,0.5195400612518108
1985-12-01,,,55.3553,,,1.465844019679019
1986-01-01,613.525,,55.6453,2.353620267693435,,2.0509105580721387
1986-02-01,,,55.2634,,,1.0538134221781623
1986-03-01,,,54.8728,,,0.1926331953556292
1986-04-01,605.016,,54.935,-0.668540506462123,,0.5275707407766506
1986-05-01,,,55.0399,,,0.5485973591330628
1986-06-01,,,54.826,,,0.2101953903236975
1986-07-01,601.964,,55.167,-0.4083172300606175,,1.341930506186095
1986-08-01,,,55.0726,,,0.8432197260314078
1986-09-01,,,55.2237,,,0.7461502115308383
1986-10-01,610.553,,55.4589,-1.2157258031896268,,1.5306794964740078
1986-11-01,,,55.6763,,,1.576288533778003
1986-12-01,,,56.2078,,,1.5400512688035215
1987-01-01,596.551,,55.9911,-2.7666354264292314,,0.6214361320722617
1987-02-01,,,56.7373,,,2.6670454586579906
1987-03-01,,,56.8136,,,3.5369071744106417
1987-04-01,608.371,,57.185,0.5545307892683926,,4.095749522162562
1987-05-01,,,57.5424,,,4.546701574675827
1987-06-01,,,57.8502,,,5.515996060263384
1987-07-01,625.48,,58.2421,3.906545906399717,,5.574165715010793
1987-08-01,,,58.6784,,,6.5473574881157015
1987-09-01,,,58.9088,,,6.673040741565672
1987-10-01,630.552,,59.7008,3.2755551115136727,,7.648727255679444
1987-11-01,,,59.9956,,,7.757879025725489
1987-12-01,,,60.3246,,,7.324250370944951
1988-01-01,641.498,,60.309,7.5344773539898435,,7.711761333497624
1988-02-01,,,60.6122,,,6.829545995315267
1988-03-01,,,60.7452,,,6.920174042834804
1988-04-01,659.366,,61.108,8.382220717292576,,6.860190609425532
1988-05-01,,,60.9843,,,5.981502335668987
1988-06-01,,,61.1615,,,5.723921438473845
1988-07-01,666.332,,61.171,6.531303958559831,,5.028836528902625
1988-08-01,,,61.4771,,,4.769557452145934
1988-09-01,,,61.2785,,,4.022658753870401
1988-10-01,681.924,,61.5488,8.147147261447095,,3.0954359070565207
1988-11-01,,,61.7049,,,2.8490422630992995
1988-12-01,,,61.9851,,,2.7526083886175945
1989-01-01,696.466,,62.1677,8.568693900838342,,3.0819612329834767
1989-02-01,,,61.8916,,,2.1107961763473293
1989-03-01,,,62.0508,,,2.149305624148079
1989-04-01,708.998,,62.0289,7.5272307034333075,,1.5070039929305556
1989-05-01,,,61.6871,,,1.1524277559962215
1989-06-01,,,61.6857,,,0.8570751207867655
1989-07-01,731.137,,61.0896,9.725632267398222,,-0.133069591800039
1989-08-01,,,61.6847,,,0.3376867158665586
1989-09-01,,,61.4794,,,0.3278474505740147
1989-10-01,727.373,,61.4014,6.6648189534317615,,-0.239484766559217
1989-11-01,,,61.6081,,,-0.1568757100327555
1989-12-01,,,61.9588,,,-0.0424295516180617
1990-01-01,740.88,,61.6352,6.377052146120565,,-0.8565541269823451
1990-02-01,,,62.1951,,,0.490373491717766
1990-03-01,,,62.4916,,,0.7103856839879574
1990-04-01,734.124,,62.3511,3.543874594850749,,0.5194352954832393
1990-05-01,,,62.5353,,,1.375003850075629
1990-06-01,,,62.7479,,,1.721955007400422
1990-07-01,744.412,,62.6435,1.8156651899712493,,2.5436408161127355
1990-08-01,,,62.8704,,,1.9221946447012028
1990-09-01,,,62.8839,,,2.2845050537253053
1990-10-01,737.519,,62.4973,1.394882680550413,,1.7848127241398393
1990-11-01,,,61.7175,,,0.1775740527625524
1990-12-01,,,61.2885,,,-1.081847937661795
1991-01-01,729.8,,61.0842,-1.4955188424576216,,-0.8939696796635643
1991-02-01,,,60.6387,,,-2.502447942040442
1991-03-01,,,60.2973,,,-3.511351925698813
1991-04-01,726.787,,60.4524,-0.9994224408955366,,-3.045174824501906
1991-05-01,,,61.0587,,,-2.3612263793409416
1991-06-01,,,61.5514,,,-1.9068367228226024
1991-07-01,720.15,,61.7201,-3.259216670338472,,-1.4740555684149226
1991-08-01,,,61.7289,,,-1.8156397923347
1991-09-01,,,62.2369,,,-1.0288802062213054
1991-10-01,717.6,,62.1718,-2.700811775696621,,-0.5208224995319921
1991-11-01,,,62.0894,,,0.6025843561388466
1991-12-01,,,61.806,,,0.8443672140776792
1992-01-01,714.208,,61.4823,-2.1364757467799422,,0.651723358904599
1992-02-01,,,61.9192,,,2.111687750561919
1992-03-01,,,62.4403,,,3.554056317612897
1992-04-01,736.717,,62.9199,1.3662875092702365,,4.081723802528936
1992-05-01,,,63.1268,,,3.387068509483493
1992-06-01,,,63.1624,,,2.61732470748024
1992-07-01,748.536,,63.7348,3.941678816913141,,3.264252650271149
1992-08-01,,,63.3802,,,2.675084117811921
1992-09-01,,,63.5834,,,2.1635075011769533
1992-10-01,768.287,,64.0178,7.063405797101452,,2.969191820085637
1992-11-01,,,64.2628,,,3.500436467416334
1992-12-01,,,64.3599,,,4.132123094845164
1993-01-01,776.488,,64.6135,8.720148752184254,,5.092847860278482
1993-02-01,,,64.9262,,,4.856328893138162
1993-03-01,,,64.8627,,,3.87954574209286
1993-04-01,792.371,,65.0423,7.554325473689349,,3.3731776433211014
1993-05-01,,,64.8006,,,2.6514887496277284
1993-06-01,,,64.9476,,,2.826365052626234
1993-07-01,798.315,,65.1142,6.650181153611867,,2.1642807383093654
1993-08-01,,,65.0421,,,2.622112268500265
1993-09-01,,,65.3749,,,2.817559300068884
1993-10-01,829.642,,65.863,7.985947959551565,,2.8823233538172177
1993-11-01,,,66.1696,,,2.9671909720709437
1993-12-01,,,66.5531,,,3.4077119448600923
1994-01-01,840.715,,66.7591,8.271473609379655,,3.3206682813962995
1994-02-01,,,66.8019,,,2.888972402512402
1994-03-01,,,67.4704,,,4.02033834545894
1994-04-01,855.609,,67.8707,7.980857451875445,,4.348554709781172
1994-05-01,,,68.187,,,5.225877538170942
1994-06-01,,,68.645,,,5.692897043154788
1994-07-01,872.098,,68.7317,9.242341682168044,,5.5556238117031365
1994-08-01,,,69.1882,,,6.374486678628144
1994-09-01,,,69.3935,,,6.147007490642453
1994-10-01,906.989,,69.9576,9.322936881209,,6.216844055084048
1994-11-01,,,70.4288,,,6.436792726569296
1994-12-01,,,71.1273,,,6.873008169416606
1995-01-01,944.62,,71.2635,12.359122889445295,,6.747244944883901
1995-02-01,,,71.1758,,,6.54756825778906
1995-03-01,,,71.2796,,,5.645735018615583
1995-04-01,956.779,,71.1538,11.824326298577969,,4.837286192716461
1995-05-01,,,71.4997,,,4.85825743910131
1995-06-01,,,71.7327,,,4.498069779299296
1995-07-01,965.53,,71.4334,10.713474861770123,,3.9307917598429887
1995-08-01,,,72.3723,,,4.602085326688665
1995-09-01,,,72.6543,,,4.698999185802699
1995-10-01,982.059,,72.5336,8.276836874537619,,3.6822303795441824
1995-11-01,,,72.717,,,3.248954972965601
1995-12-01,,,72.9638,,,2.581990318766492
1996-01-01,1003.747,,72.5712,6.259342381063271,,1.8350207329137724
1996-02-01,,,73.6207,,,3.435015834033494
1996-03-01,,,73.5141,,,3.1348380181706936
1996-04-01,1026.468,,74.2491,7.283709195122401,,4.350154173072962
1996-05-01,,,74.8142,,,4.635683786085809
1996-06-01,,,75.3726,,,5.074254837751835
1996-07-01,1058.965,,75.3738,9.677068553022682,,5.516187105751635
1996-08-01,,,75.7557,,,4.674993056735799
1996-09-01,,,76.2302,,,4.92180091199006
1996-10-01,1083.597,,76.2157,10.339297333459596,,5.076405969095688
1996-11-01,,,76.8973,,,5.748724507336656
1996-12-01,,,77.3772,,,6.048752943240343
1997-01-01,1107.299,,77.5135,10.316543909969344,,6.810277355204253
1997-02-01,,,78.4255,,,6.526425312446094
1997-03-01,,,78.9197,,,7.353147219376965
1997-04-01,1129.567,,78.9848,10.044053979276502,,6.378124448646516
1997-05-01,,,79.4296,,,6.169149706873811
1997-06-01,,,79.7971,,,5.87017032714805
1997-07-01,1178.364,,80.4666,11.275065748159774,,6.7567244851659325
1997-08-01,,,81.2825,,,7.295556637982359
1997-09-01,,,82.0327,,,7.611812641184223
1997-10-01,1181.123,,82.7656,9.000209487475509,,8.593898632434005
1997-11-01,,,83.427,,,8.491455486733601
1997-12-01,,,83.784,,,8.27995843736915
1998-01-01,1212.378,,84.1564,9.489668102292148,,8.569991033819925
1998-02-01,,,84.3066,,,7.498963984928375
1998-03-01,,,84.342,,,6.870654602082871
1998-04-01,1247.103,,84.6339,10.40540313235072,,7.152135600773812
1998-05-01,,,85.1867,,,7.248053622327211
1998-06-01,,,84.6809,,,6.120272541232685
1998-07-01,1261.652,,84.3445,7.068104592468871,,4.819266627395713
1998-08-01,,,86.0816,,,5.904222926214131
1998-09-01,,,86.0023,,,4.839045892674498
1998-10-01,1295.444,,86.591,9.679008875451569,,4.621968547319155
1998-11-01,,,86.5115,,,3.697244297409696
1998-12-01,,,86.8615,,,3.673135682230488
1999-01-01,1322.305,1458.952,87.2205,9.067056644049964,,3.640958976382058
1999-02-01,,,87.726,,,4.055910213435232
1999-03-01,,,87.9125,,,4.23335941760925
1999-04-01,1353.96,1497.288,88.1082,8.568418165941383,,4.105092640183194
1999-05-01,,,88.6483,,,4.063545130871371
1999-06-01,,,88.5903,,,4.616625472804392
1999-07-01,1386.594,1539.287,89.1098,9.903047750092744,,5.6498052629395
1999-08-01,,,89.5007,,,3.9719289604282393
1999-09-01,,,89.1304,,,3.6372283066848032
1999-10-01,1395.049,1544.871,90.2709,7.688869607640325,,4.249748819161359
1999-11-01,,,90.7528,,,4.902585205435117
1999-12-01,,,91.4784,,,5.3152432320418
2000-01-01,1450.25,1599.914,91.4092,9.67590684448747,9.661866874304303,4.802426035163743
2000-02-01,,,91.7245,,,4.557941773248531
2000-03-01,,,92.083,,,4.74392151286791
2000-04-01,1498.729,1650.511,92.6659,10.6922656503885,10.233368597090209,5.172844298260548
2000-05-01,,,92.9347,,,4.835287309514125
2000-06-01,,,93.0018,,,4.97966481657699
2000-07-01,1519.657,1667.915,92.8373,9.596392310943202,8.356336407700438,4.183041595873838
2000-08-01,,,92.591,,,3.452822156698221
2000-09-01,,,92.9827,,,4.322094369597807
2000-10-01,1525.091,1672.321,92.64,9.321679740281509,8.249879763423596,2.624433787632552
2000-11-01,,,92.6604,,,2.10197371320775
2000-12-01,,,92.3457,,,0.948092664497846
2001-01-01,1505.248,1658.83,91.8908,3.79231167040166,3.682447931576327,0.5268616288075956
2001-02-01,,,91.2851,,,-0.4790432218218732
2001-03-01,,,91.0585,,,-1.112583212970908
2001-04-01,1473.585,1621.165,90.7384,-1.6776882278250471,-1.7779948149391325,-2.080053180296093
2001-05-01,,,90.2607,,,-2.877289107297931
2001-06-01,,,89.7811,,,-3.463051252771465
2001-07-01,1452.58,1599.967,89.2352,-4.41395657046294,-4.073828702301963,-3.880013744475541
2001-08-01,,,89.157,,,-3.708783791081205
2001-09-01,,,88.6749,,,-4.632904830683559
2001-10-01,1408.856,1553.614,88.4051,-7.621512421226006,-7.098338177897656,-4.571351468048357
2001-11-01,,,87.886,,,-5.1525786635930775
2001-12-01,,,87.8518,,,-4.86638793143589
2002-01-01,1374.027,1522.057,88.4634,-8.71756680626714,-8.245148689136316,-3.729861966595138
2002-02-01,,,88.4578,,,-3.097219590053568
2002-03-01,,,89.1265,,,-2.1217129647424504
2002-04-01,1357.267,1501.855,89.5507,-7.893538547148616,-7.359522318826272,-1.308927642541624
2002-05-01,,,89.9348,,,-0.361065225507895
2002-06-01,,,90.6736,,,0.9940845010809608
2002-07-01,1348.884,1492.99,90.6436,-7.138746230844428,-6.686200402883314,1.578300939539545
2002-08-01,,,90.5505,,,1.5629731821393822
2002-09-01,,,90.6373,,,2.213027587287941
2002-10-01,1331.215,1475.082,90.3988,-5.510925176171311,-5.0547948203350295,2.255186635160178
2002-11-01,,,90.8947,,,3.423412147554794
2002-12-01,,,90.3906,,,2.889866798403684
2003-01-01,1332.696,1478.588,91.1369,-3.008019493066738,-2.8559377211234582,3.022153794676674
2003-02-01,,,91.2505,,,3.1570986391251
2003-03-01,,,91.0006,,,2.1027416088369
2003-04-01,1366.842,1514.321,90.4311,0.7054617846009803,0.8300401836395688,0.9831302267877318
2003-05-01,,,90.4,,,0.5172636176430156
2003-06-01,,,90.5196,,,-0.1698399534153183
2003-07-01,1392.121,1544.672,90.9869,3.2053905302457557,3.4616440833495243,0.3787360607919288
2003-08-01,,,90.7933,,,0.2681376690355064
2003-09-01,,,91.3819,,,0.8215160866442472
2003-10-01,1411.859,1566.776,91.5049,6.057924527593217,6.216196794483286,1.2235781890910236
2003-11-01,,,92.1265,,,1.3551945272936683
2003-12-01,,,92.1732,,,1.9721077191654723
2004-01-01,1401.83,1549.373,92.3268,5.187529639167532,4.787337649162593,1.305618251224261
2004-02-01,,,92.8995,,,1.8071133856800703
2004-03-01,,,92.5368,,,1.688120737665466
2004-04-01,1445.457,1583.822,92.8957,5.751579187645683,4.589581733331305,2.7253898271722976
2004-05-01,,,93.5845,,,3.522676991150453
2004-06-01,,,92.8651,,,2.591151529613467
2004-07-01,1490.495,1626.857,93.5502,7.066483445045346,5.320547015806598,2.8172187424783117
2004-08-01,,,93.6301,,,3.1244596242233635
2004-09-01,,,93.7353,,,2.5753458835940046
2004-10-01,1531.693,1661.406,94.5695,8.487674760723273,6.039791265630812,3.349110266226174
2004-11-01,,,94.8015,,,2.903616223345096
2004-12-01,,,95.5415,,,3.654316005086078
2005-01-01,1568.306,1681.939,95.8785,11.875619725644349,8.556106244267836,3.846878696109912
2005-02-01,,,96.5709,,,3.9520126588409976
2005-03-01,,,96.4345,,,4.21205401526743
2005-04-01,1603.838,1706.109,96.6347,10.95715749413506,7.721006527248653,4.024944103978978
2005-05-01,,,96.7251,,,3.355897611249725
2005-06-01,,,97.1483,,,4.612281686015529
2005-07-01,1643.13,1737.382,96.8397,10.24055766708376,6.793774744799341,3.516293925614256
2005-08-01,,,97.1584,,,3.76833945494024
2005-09-01,,,95.2764,,,1.6440977945341828
2005-10-01,1668.669,1744.349,96.4411,8.942784226343026,4.992337815079506,1.9790735913798765
2005-11-01,,,97.5016,,,2.848161685205386
2005-12-01,,,97.9723,,,2.5442347042908158
2006-01-01,1735.308,1808.675,98.127,10.648559656087532,7.535112747846373,2.3451555875404706
2006-02-01,,,98.1687,,,1.6545356831095148
2006-03-01,,,98.3913,,,2.0291493189678045
2006-04-01,1774.4,1831.263,98.6826,10.634615216748822,7.335639164906804,2.119218044863791
2006-05-01,,,98.7074,,,2.049416335573717
2006-06-01,,,99.0398,,,1.947023262373082
2006-07-01,1815.947,1853.116,98.9751,10.517548824499578,6.661402040541464,2.2050873763549417
2006-08-01,,,99.4047,,,2.3119977274224324
2006-09-01,,,99.2246,,,4.143943306002318
2006-10-01,1849.549,1865.16,99.1229,10.839777091801906,6.9258502742283845,2.7807646325062496
2006-11-01,,,99.0963,,,1.635562903583132
2006-12-01,,,100.1125,,,2.1844950052208656
2007-01-01,1892.034,1897.167,99.7546,9.031595543845828,4.89264240396976,1.6586668297206677
2007-02-01,,,100.7166,,,2.595430111634367
2007-03-01,,,100.8952,,,2.5448388221316343
2007-04-01,1937.718,1934.428,101.5723,9.204125338142475,5.633543625355841,2.928277122815981
2007-05-01,,,101.6269,,,2.957731639167882
2007-06-01,,,101.6547,,,2.640251696792606
2007-07-01,1967.377,1964.431,101.4953,8.33889975863833,6.006909443337594,2.5462969979318077
2007-08-01,,,101.6943,,,2.3033116140383614
2007-09-01,,,101.9428,,,2.73944163040214
2007-10-01,1997.123,1997.566,101.6446,7.978918103818833,7.098908404640891,2.544013542783752
2007-11-01,,,102.2167,,,3.1488562136023246
2007-12-01,,,102.2764,,,2.161468348108375
2008-01-01,2013.699,1998.101,102.1493,6.430381272218155,5.32024856008988,2.4005910504377725
2008-02-01,,,101.7756,,,1.0514652003741132
2008-03-01,,,101.4508,,,0.5506703985918016
2008-04-01,2024.039,1986.585,100.7554,4.454776185182774,2.6962492271617178,-0.8042547033000225
2008-05-01,,,100.1336,,,-1.4693944221461086
2008-06-01,,,99.8728,,,-1.752894848934683
2008-07-01,2007.007,1932.967,99.4194,2.0143571872599964,-1.6016851699041543,-2.045316384108431
2008-08-01,,,97.8491,,,-3.781136209207392
2008-09-01,,,93.5576,,,-8.225396987330157
2008-10-01,1918.738,1820.128,94.4985,-3.924895962842545,-8.882710258384463,-7.03047677889429
2008-11-01,,,93.2617,,,-8.760799360574156
2008-12-01,,,90.6266,,,-11.390506509810672
2009-01-01,1761.401,1688.277,88.3712,-12.529082052481533,-15.50592287376864,-13.488198157011356
2009-02-01,,,87.843,,,-13.689528727907271
2009-03-01,,,86.4689,,,-14.767650920446162
2009-04-01,1684.966,1633.987,85.7903,-16.752295780861935,-17.748951089432364,-14.852901184452636
2009-05-01,,,84.9436,,,-15.169733236396176
2009-06-01,,,84.6746,,,-15.217556732163306
2009-07-01,1656.037,1613.076,85.6853,-17.487233477511545,-16.549221999133977,-13.814305859822127
2009-08-01,,,86.6393,,,-11.456211656520088
2009-09-01,,,87.3821,,,-6.600746492000653
2009-10-01,1659.323,1598.428,87.5809,-13.520084555577672,-12.1804620334394,-7.320327835891582
2009-11-01,,,87.9388,,,-5.707487639620556
2009-12-01,,,88.2404,,,-2.633001789761502
2010-01-01,1659.963,1615.049,89.1897,-5.758938481356612,-4.337439886937988,0.9262067279837805
2010-02-01,,,89.5046,,,1.8915565269856272
2010-03-01,,,90.1356,,,4.240484150949064
2010-04-01,1715.746,1659.272,90.4607,1.8267430915519969,1.547441931912541,5.44397210407237
2010-05-01,,,91.7014,,,7.955631736823032
2010-06-01,,,91.9033,,,8.537034718794079
2010-07-01,1762.364,1692.776,92.2549,6.420569105641971,4.940870733926994,7.667126099809418
2010-08-01,,,92.5936,,,6.872516283026275
2010-09-01,,,92.8533,,,6.261236569045625
2010-10-01,1801.85,1728.089,92.6033,8.589466909094835,8.111782326135408,5.734583682058547
2010-11-01,,,92.6686,,,5.378513238752403
2010-12-01,,,93.5916,,,6.064342410052537
2011-01-01,1805.118,1724.133,93.3889,8.744472015340099,6.754222317712966,4.708166974437633
2011-02-01,,,93.0045,,,3.9103018168898496
2011-03-01,,,93.9684,,,4.252259928374591
2011-04-01,1862.009,1760.969,93.6571,8.524746669961637,6.129013205791467,3.5334681248321065
2011-05-01,,,93.7723,,,2.258307942953963
2011-06-01,,,94.0493,,,2.335063049966646
2011-07-01,1953.756,1840.809,94.4958,10.859958555667282,8.744984569724522,2.4290308699050023
2011-08-01,,,95.0974,,,2.704074579668569
2011-09-01,,,95.0244,,,2.3382044579998817
2011-10-01,2008.976,1883.125,95.6891,11.495185503787786,8.97152866547961,3.3322786552962835
2011-11-01,,,95.6778,,,3.247270380689904
2011-12-01,,,96.1809,,,2.7665944379623664
2012-01-01,2073.366,1938.142,96.7595,14.860413557451649,12.412557499914456,3.609208374871109
2012-02-01,,,97.0662,,,4.367208038320736
2012-03-01,,,96.5609,,,2.7589061854836228
2012-04-01,2126.171,1973.665,97.251,14.186934649617688,12.078350044776489,3.83729583768877
2012-05-01,,,97.4595,,,3.932078023040919
2012-06-01,,,97.4768,,,3.6443652424845263
2012-07-01,2125.95,1963.385,97.6714,8.81348540964173,6.6588114247594365,3.3605726392072377
2012-08-01,,,97.2734,,,2.288180328799738
2012-09-01,,,97.2217,,,2.312353458690608
2012-10-01,2148.622,1981.394,97.5311,6.951103447726581,5.218400265516099,1.9249841413494284
2012-11-01,,,97.9084,,,2.3313663148609054
2012-12-01,,,98.1884,,,2.0872127418229747
2013-01-01,2175.318,2006.738,98.1736,4.917221561460949,3.53926595677716,1.461458564792073
2013-02-01,,,98.6434,,,1.6248704492398014
2013-03-01,,,99.047,,,2.5746446025254555
2013-04-01,2188.629,2018.983,98.9445,2.937581219948915,2.2961343490409902,1.7413702686861932
2013-05-01,,,99.0383,,,1.6199549556482395
2013-06-01,,,99.2221,,,1.7904773238350158
2013-07-01,2230.759,2029.566,98.8987,4.929984242338725,3.3707601922190467,1.256560262267148
2013-08-01,,,99.4897,,,2.278423495015081
2013-09-01,,,100.021,,,2.879295465929932
2013-10-01,2290.541,2076.292,99.9037,6.605117140194983,4.789456312071194,2.432659941290538
2013-11-01,,,100.1582,,,2.2978620833350227
2013-12-01,,,100.374,,,2.225924854667149
2014-01-01,2335.499,2112.552,99.9899,7.363567073871469,5.272935480366647,1.850090044574104
2014-02-01,,,100.7471,,,2.132631275888719
2014-03-01,,,101.7435,,,2.722444899896015
2014-04-01,2407.208,2160.631,101.8273,9.9870284091091,7.015809444656052,2.91355254713499
2014-05-01,,,102.2392,,,3.231981970611364
2014-06-01,,,102.5774,,,3.3816055092565023
2014-07-01,2465.578,2215.096,102.7954,10.526417241844598,9.141363227409215,3.940092235792792
2014-08-01,,,102.6322,,,3.158618429847504
2014-09-01,,,102.9417,,,2.9200867817758214
2014-10-01,2492.333,2202.437,102.9611,8.809796462931674,6.075494198311215,3.0603471142710337
2014-11-01,,,103.5978,,,3.4341671475725644
2014-12-01,,,103.6151,,,3.2290234522884376
2015-01-01,2497.171,2214.696,102.7923,6.922375047045626,4.8350999170671205,2.802683070990164
2015-02-01,,,102.1366,,,1.3791960264861292
2015-03-01,,,101.7869,,,0.0426562876252534
2015-04-01,2510.545,2230.697,101.2255,4.292815577216436,3.24284896402951,-0.5910006452100713
2015-05-01,,,100.7675,,,-1.4394674449721867
2015-06-01,,,100.4588,,,-2.0653672251392585
2015-07-01,2521.879,2238.798,101.0893,2.2834807903055587,1.0700213444473583,-1.6597046171326846
2015-08-01,,,100.9165,,,-1.6716975763941488
2015-09-01,,,100.633,,,-2.2427257369948217
2015-10-01,2500.42,2209.941,100.1563,0.3244751002374091,0.3407134914642284,-2.724135620151691
2015-11-01,,,99.4366,,,-4.016687613057424
2015-12-01,,,98.9471,,,-4.505134869338534
2016-01-01,2488.836,2187.499,99.4391,-0.3337777028485478,-1.2280240719268032,-3.2621120453574792
2016-02-01,,,98.9232,,,-3.1461787449357126
2016-03-01,,,98.1635,,,-3.559790110515204
2016-04-01,2511.643,2205.321,98.4775,0.0437355235616054,-1.1375816616958856,-2.7147309719388835
2016-05-01,,,98.2549,,,-2.4934626739772203
2016-06-01,,,98.7315,,,-1.7194113407685507
2016-07-01,2543.679,2223.993,98.8452,0.8644348122967216,-0.6612923542007709,-2.21991842855771
2016-08-01,,,98.7427,,,-2.154058057899355
2016-09-01,,,98.6552,,,-1.965359275784284
2016-10-01,2571.821,2224.864,98.7237,2.855560265875323,0.6752668962655584,-1.4303643405357502
2016-11-01,,,98.3443,,,-1.0984888863858957
2016-12-01,,,99.0406,,,0.094494937193712
2017-01-01,2603.148,2263.637,98.8158,4.592990458190105,3.4805958768438394,-0.6268158098776011
2017-02-01,,,98.4356,,,-0.4929076293528678
2017-03-01,,,99.0492,,,0.9022701920774924
2017-04-01,2640.229,2300.598,100.0416,5.11959701279201,4.32032343590798,1.588281587164575
2017-05-01,,,100.128,,,1.9063680284647333
2017-06-01,,,100.337,,,1.6261274264039338
2017-07-01,2668.855,,100.0865,4.921061187358933,,1.255802001513473
2017-08-01,,,99.6323,,,0.9009273596934264
2017-09-01,,,99.7482,,,1.107899026103043
2017-10-01,2732.168,,100.9893,6.234765172226231,,2.2948896769468874
2017-11-01,,,101.2493,,,2.953907852310711
2017-12-01,,,101.4871,,,2.4701990900701354
2018-01-01,2810.324,,101.4852,7.958671577643672,,2.7013898587068264
2018-02-01,,,101.7319,,,3.3486868571939388
2018-03-01,,,102.1943,,,3.1752906636297817
2018-04-01,2846.516,,103.3551,7.813223777179945,,3.3121221571825954
2018-05-01,,,102.381,,,2.2501198465963546
2018-06-01,,,103.2256,,,2.878898113357975
2018-07-01,2870.365,,103.3561,7.550428929259922,,3.266774240282144
2018-08-01,,,104.0585,,,4.442535201937514
2018-09-01,,,104.1038,,,4.366595086427627
2018-10-01,2898.677,,103.9297,6.094390974493513,,2.91159558487879
2018-11-01,,,104.0126,,,2.729204053756429
2018-12-01,,,104.0451,,,2.5205173859534917
2019-01-01,2932.41,,103.3598,4.344196612205553,,1.847165892169489
2019-02-01,,,102.8251,,,1.0745891898214843
2019-03-01,,,102.8361,,,0.628019370943389
2019-04-01,3000.782,,102.2748,5.419467166177894,,-1.045231439957961
2019-05-01,,,102.4176,,,0.0357488205819267
2019-06-01,,,102.5425,,,-0.6617544485088889
2019-07-01,3031.12,,102.0057,5.600507252561959,,-1.306550847023058
2019-08-01,,,102.7814,,,-1.2272904183704303
2019-09-01,,,102.4601,,,-1.5789049006856737
2019-10-01,3010.301,,101.5878,3.8508602372737455,,-2.2533501010779333
2019-11-01,,,102.1494,,,-1.791321436056792
2019-12-01,,,101.9421,,,-2.021238866606889
2020-01-01,2965.479,,101.3372,1.127707244212095,,-1.9568536316827312
2020-02-01,,,101.6718,,,-1.1216133025885755
2020-03-01,,,97.606,,,-5.085859926621106
2020-04-01,2736.487,,84.6812,-8.807537501891172,,-17.202282478186216
2020-05-01,,,86.0108,,,-16.019512271328352
2020-06-01,,,91.6745,,,-10.598532315869036
2020-07-01,2852.508,,95.0037,-5.892607353057622,,-6.86432228787216
2020-08-01,,,95.9294,,,-6.666575859056212
2020-09-01,,,95.8914,,,-6.410983397439585
2020-10-01,2938.775,,96.5256,-2.3760414656208706,,-4.983078676770248
2020-11-01,,,96.9529,,,-5.087156654860426
2020-12-01,,,98.2039,,,-3.666983513190325
2021-01-01,3002.811,,98.8135,1.2588860012159977,,-2.490398392692905
2021-02-01,,,95.5072,,,-6.063234839945797
2021-03-01,,,98.1929,,,0.6012950023564168
2021-04-01,3078.401,,98.3317,12.494632717056575,,16.11987076234158
2021-05-01,,,99.1867,,,15.31889018588364
2021-06-01,,,99.6483,,,8.697947629929814
2021-07-01,3096.193,,100.0668,8.542833183991094,,5.3293713823777455
2021-08-01,,,100.0412,,,4.2862771996906135
2021-09-01,,,98.9955,,,3.237099468774063
2021-10-01,3171.559,,100.3542,7.921123597417301,,3.966408911211139
2021-11-01,,,101.2684,,,4.451130394242986
2021-12-01,,,101.1948,,,3.0456020585740484
2022-01-01,3314.956,,101.2146,10.395093131069522,,2.4299311328917605
2022-02-01,,,101.8458,,,6.636777122562476
2022-03-01,,,102.6732,,,4.562753518838947
2022-04-01,3438.72,,102.9024,11.704745418157025,,4.64824669969095
2022-05-01,,,102.9659,,,3.810188261127756
2022-06-01,,,102.8224,,,3.185302709629756
2022-07-01,3547.608,,103.0505,14.57967897996022,,2.981708218909773
2022-08-01,,,103.1703,,,3.1278113417271936
2022-09-01,,,103.5326,,,4.58313761736644
2022-10-01,3636.96,,103.4442,14.674202813190607,,3.079093849584757
2022-11-01,,,103.1058,,,1.814386323868056
2022-12-01,,,101.8266,,,0.6243403811263093
2023-01-01,3756.575,,102.7476,13.32201694381463,,1.5146036243782968
2023-02-01,,,102.8003,,,0.937201141333266
2023-03-01,,,102.8143,,,0.1374263196238345
2023-04-01,3854.267,,103.2241,12.084351153917726,,0.3126263333022461
2023-05-01,,,102.9809,,,0.0145679297709255
2023-06-01,,,102.3809,,,-0.4293811465206021
2023-07-01,3871.644,,103.0722,9.133929115054418,,0.021057636789723
2023-08-01,,,103.0951,,,-0.0728891938862164
2023-09-01,,,103.3081,,,-0.2168399132254084
2023-10-01,3941.343,,102.5781,8.369159957766925,,-0.8372629881617244
2023-11-01,,,102.8868,,,-0.2124031819742522
2023-12-01,,,102.6309,,,0.7898721944953557
2024-01-01,3963.752,,101.483,5.515050278511691,,-1.230783006123748
2024-02-01,,,102.7267,,,-0.0715951218041133
2024-03-01,,,102.5186,,,-0.2876059069604086
2024-04-01,4012.411,,102.3568,4.103088862292115,,-0.8402107647342061
2024-05-01,,,102.9797,,,-0.0011652646267568
2024-06-01,,,103.2534,,,0.8522097383398597
2024-07-01,4069.186,,102.5192,5.102276965547459,,-0.536517121008373
2024-08-01,,,103.0196,,,-0.0732333544465335
2024-09-01,,,102.5954,,,-0.6898781412106092
2024-10-01,4046.39,,102.2138,2.6652590246522667,,-0.3551440317182686
2024-11-01,,,101.9503,,,-0.91022366328819
2024-12-01,,,103.0447,,,0.4031924108626183
2025-01-01,4137.819,,102.8805,4.391470505722883,,1.3770779342352937
2025-02-01,,,103.8705,,,1.113439835992014
2025-03-01,,,103.5408,,,0.9970873578062812
2025-04-01,4207.512,,103.6224,4.862438070277442,,1.236459131195966
2025-05-01,,,103.657,,,0.6577024403838783
2025-06-01,,,104.2115,,,0.9279113327018697
2025-07-01,,,103.8194,,,1.2682502399550488
2025-08-01,,,103.9203,,,0.8742996478340093
