date,RSXFS,RSXFS_MoM_%,RSXFS_YoY_%,RRSFS,RRSFS_MoM_%,RRSFS_YoY_%
1992-01-01,142419.000,,,115095.000,,
1992-02-01,142584.000,0.116,,114855.000,-0.209,
1992-03-01,142120.000,-0.325,,114052.000,-0.699,
1992-04-01,143659.000,1.083,,114721.000,0.587,
1992-05-01,144239.000,0.404,,114868.000,0.128,
1992-06-01,145273.000,0.717,,115064.000,0.171,
1992-07-01,146743.000,1.012,,115911.000,0.736,
1992-08-01,146070.000,-0.459,,115349.000,-0.485,
1992-09-01,147932.000,1.275,,116485.000,0.985,
1992-10-01,149346.000,0.956,,117193.000,0.608,
1992-11-01,149131.000,-0.144,,116906.000,-0.245,
1992-12-01,150578.000,0.970,,117843.000,0.801,
1993-01-01,152329.000,1.163,6.958,118697.000,0.725,3.130
1993-02-01,151742.000,-0.385,6.423,117987.000,-0.598,2.727
1993-03-01,150525.000,-0.802,5.914,117015.000,-0.824,2.598
1993-04-01,154720.000,2.787,7.699,119682.000,2.279,4.324
1993-05-01,155537.000,0.528,7.833,119945.000,0.220,4.420
1993-06-01,155353.000,-0.118,6.939,119902.000,-0.036,4.205
1993-07-01,158267.000,1.876,7.853,121676.000,1.480,4.974
1993-08-01,157425.000,-0.532,7.774,121017.000,-0.542,4.914
1993-09-01,158535.000,0.705,7.167,121799.000,0.646,4.562
1993-10-01,159773.000,0.781,6.982,121970.000,0.140,4.076
1993-11-01,162004.000,1.396,8.632,123122.000,0.944,5.317
1993-12-01,163258.000,0.774,8.421,123771.000,0.527,5.030
1994-01-01,162369.000,-0.545,6.591,122772.000,-0.807,3.433
1994-02-01,165075.000,1.667,8.787,124813.000,1.662,5.785
1994-03-01,168330.000,1.972,11.829,126935.000,1.700,8.478
1994-04-01,168262.000,-0.040,8.753,126646.000,-0.228,5.819
1994-05-01,167412.000,-0.505,7.635,125841.000,-0.636,4.916
1994-06-01,169337.000,1.150,9.001,126978.000,0.904,5.901
1994-07-01,169514.000,0.105,7.106,126726.000,-0.198,4.150
1994-08-01,172332.000,1.662,9.469,128034.000,1.032,5.798
1994-09-01,174018.000,0.978,9.766,128992.000,0.748,5.906
1994-10-01,175309.000,0.742,9.724,129795.000,0.623,6.416
1994-11-01,175761.000,0.258,8.492,129790.000,-0.004,5.416
1994-12-01,176168.000,0.232,7.908,129873.000,0.064,4.930
1995-01-01,177136.000,0.549,9.095,130171.000,0.229,6.027
1995-02-01,174560.000,-1.454,5.746,127944.000,-1.711,2.509
1995-03-01,176376.000,1.040,4.780,129087.000,0.893,1.695
1995-04-01,176353.000,-0.013,4.809,128663.000,-0.328,1.593
1995-05-01,179020.000,1.512,6.934,130217.000,1.208,3.477
1995-06-01,181382.000,1.319,7.113,131485.000,0.974,3.549
1995-07-01,180019.000,-0.751,6.197,130478.000,-0.766,2.961
1995-08-01,181787.000,0.982,5.487,131509.000,0.790,2.714
1995-09-01,182074.000,0.158,4.629,131507.000,-0.002,1.950
1995-10-01,181411.000,-0.364,3.481,130682.000,-0.627,0.683
1995-11-01,184327.000,1.607,4.874,132430.000,1.338,2.034
1995-12-01,184841.000,0.279,4.923,132574.000,0.109,2.080
1996-01-01,184636.000,-0.111,4.234,131734.000,-0.634,1.201
1996-02-01,187576.000,1.592,7.456,133468.000,1.316,4.318
1996-03-01,188237.000,0.352,6.725,133537.000,0.052,3.447
1996-04-01,189778.000,0.819,7.613,134077.000,0.404,4.208
1996-05-01,191544.000,0.931,6.996,135011.000,0.697,3.682
1996-06-01,189960.000,-0.827,4.729,133678.000,-0.987,1.668
1996-07-01,191113.000,0.607,6.163,134285.000,0.454,2.918
1996-08-01,191139.000,0.014,5.144,134126.000,-0.118,1.990
1996-09-01,193303.000,1.132,6.167,135214.000,0.811,2.819
1996-10-01,195420.000,1.095,7.722,136236.000,0.756,4.250
1996-11-01,194860.000,-0.287,5.714,135581.000,-0.481,2.379
1996-12-01,195318.000,0.235,5.668,135569.000,-0.009,2.259
1997-01-01,197447.000,1.090,6.939,136841.000,0.938,3.877
1997-02-01,198891.000,0.731,6.032,137500.000,0.482,3.021
1997-03-01,200352.000,0.735,6.436,138416.000,0.666,3.654
1997-04-01,197212.000,-1.567,3.917,136288.000,-1.537,1.649
1997-05-01,196937.000,-0.139,2.816,136192.000,-0.070,0.875
1997-06-01,199311.000,1.205,4.923,137474.000,0.941,2.840
1997-07-01,201751.000,1.224,5.566,139018.000,1.123,3.525
1997-08-01,201892.000,0.070,5.626,138756.000,-0.188,3.452
1997-09-01,202992.000,0.545,5.012,139274.000,0.373,3.003
1997-10-01,203055.000,0.031,3.907,138885.000,-0.279,1.944
1997-11-01,202778.000,-0.136,4.063,138354.000,-0.382,2.045
1997-12-01,203837.000,0.522,4.362,139206.000,0.616,2.683
1998-01-01,204505.000,0.328,3.575,139478.000,0.195,1.927
1998-02-01,204207.000,-0.146,2.673,139349.000,-0.092,1.345
1998-03-01,205311.000,0.541,2.475,140055.000,0.507,1.184
1998-04-01,208683.000,1.642,5.817,142052.000,1.426,4.229
1998-05-01,209165.000,0.231,6.209,142063.000,0.008,4.311
1998-06-01,211222.000,0.983,5.976,143248.000,0.834,4.200
1998-07-01,209658.000,-0.740,3.919,141882.000,-0.954,2.060
1998-08-01,207737.000,-0.916,2.895,140632.000,-0.881,1.352
1998-09-01,210112.000,1.143,3.508,142084.000,1.032,2.018
1998-10-01,213794.000,1.752,5.289,144096.000,1.416,3.752
1998-11-01,215194.000,0.655,6.123,144785.000,0.478,4.648
1998-12-01,217396.000,1.023,6.652,146071.000,0.888,4.932
1999-01-01,217930.000,0.246,6.565,145883.000,-0.129,4.592
1999-02-01,220769.000,1.303,8.110,147751.000,1.280,6.029
1999-03-01,222199.000,0.648,8.226,148475.000,0.490,6.012
1999-04-01,223837.000,0.737,7.262,148661.000,0.125,4.653
1999-05-01,225577.000,0.777,7.846,149619.000,0.644,5.319
1999-06-01,226474.000,0.398,7.221,150198.000,0.387,4.852
1999-07-01,228424.000,0.861,8.951,150728.000,0.353,6.235
1999-08-01,230902.000,1.085,11.151,151911.000,0.785,8.020
1999-09-01,231912.000,0.437,10.375,151984.000,0.048,6.968
1999-10-01,231254.000,-0.284,8.167,151586.000,-0.262,5.198
1999-11-01,234425.000,1.371,8.937,153286.000,1.121,5.871
1999-12-01,239589.000,2.203,10.209,155990.000,1.764,6.791
2000-01-01,237541.000,-0.855,8.999,154486.000,-0.964,5.897
2000-02-01,241541.000,1.684,9.409,156286.000,1.165,5.777
2000-03-01,244533.000,1.239,10.051,157321.000,0.662,5.958
2000-04-01,239552.000,-2.037,7.021,154516.000,-1.783,3.938
2000-05-01,241546.000,0.832,7.079,155369.000,0.552,3.843
2000-06-01,243226.000,0.696,7.397,155488.000,0.077,3.522
2000-07-01,240979.000,-0.924,5.496,153841.000,-1.059,2.065
2000-08-01,242318.000,0.556,4.944,154537.000,0.452,1.729
2000-09-01,245520.000,1.321,5.868,155831.000,0.837,2.531
2000-10-01,245399.000,-0.049,6.117,155457.000,-0.240,2.554
2000-11-01,243846.000,-0.633,4.019,154334.000,-0.722,0.684
2000-12-01,243844.000,-0.001,1.776,153687.000,-0.419,-1.476
2001-01-01,247339.000,1.433,4.125,155399.000,1.114,0.591
2001-02-01,247289.000,-0.020,2.380,154902.000,-0.320,-0.886
2001-03-01,244514.000,-1.122,-0.008,153220.000,-1.086,-2.607
2001-04-01,249113.000,1.881,3.991,155561.000,1.528,0.676
2001-05-01,250250.000,0.456,3.603,155538.000,-0.015,0.109
2001-06-01,248836.000,-0.565,2.306,154459.000,-0.694,-0.662
2001-07-01,247336.000,-0.603,2.638,153945.000,-0.333,0.068
2001-08-01,249590.000,0.911,3.001,155388.000,0.937,0.551
2001-09-01,243130.000,-2.588,-0.973,150843.000,-2.925,-3.201
2001-10-01,262862.000,8.116,7.116,162518.000,7.740,4.542
2001-11-01,254084.000,-3.339,4.199,157765.000,-2.925,2.223
2001-12-01,249879.000,-1.655,2.475,155751.000,-1.277,1.343
2002-01-01,250603.000,0.290,1.320,155957.000,0.132,0.359
2002-02-01,252279.000,0.669,2.018,156668.000,0.456,1.140
2002-03-01,251542.000,-0.292,2.874,155787.000,-0.562,1.675
2002-04-01,254543.000,1.193,2.180,156803.000,0.652,0.798
2002-05-01,252390.000,-0.846,0.855,155413.000,-0.886,-0.080
2002-06-01,253652.000,0.500,1.935,156139.000,0.467,1.088
2002-07-01,257339.000,1.454,4.044,157867.000,1.107,2.548
2002-08-01,259050.000,0.665,3.790,158384.000,0.327,1.928
2002-09-01,254081.000,-1.918,4.504,155456.000,-1.849,3.058
2002-10-01,256131.000,0.807,-2.561,156148.000,0.445,-3.920
2002-11-01,256350.000,0.086,0.892,156148.000,0.000,-1.025
2002-12-01,259206.000,1.114,3.733,157671.000,0.975,1.233
2003-01-01,261394.000,0.844,4.306,158082.000,0.261,1.363
2003-02-01,257531.000,-1.478,2.082,155063.000,-1.910,-1.024
2003-03-01,260566.000,1.178,3.587,156703.000,1.058,0.588
2003-04-01,261375.000,0.310,2.684,157780.000,0.687,0.623
2003-05-01,261392.000,0.007,3.567,158348.000,0.360,1.889
2003-06-01,265331.000,1.507,4.604,160388.000,1.288,2.721
2003-07-01,267683.000,0.886,4.020,161245.000,0.534,2.140
2003-08-01,270612.000,1.094,4.463,162380.000,0.704,2.523
2003-09-01,270212.000,-0.148,6.349,161492.000,-0.547,3.883
2003-10-01,269060.000,-0.426,5.048,161279.000,-0.132,3.286
2003-11-01,270161.000,0.409,5.388,161856.000,0.358,3.656
2003-12-01,271550.000,0.514,4.762,162104.000,0.153,2.812
2004-01-01,272465.000,0.337,4.235,162100.000,-0.002,2.542
2004-02-01,274360.000,0.696,6.535,162783.000,0.421,4.979
2004-03-01,279692.000,1.943,7.340,165404.000,1.610,5.553
2004-04-01,277625.000,-0.739,6.217,164012.000,-0.842,3.950
2004-05-01,281281.000,1.317,7.609,165296.000,0.783,4.388
2004-06-01,279141.000,-0.761,5.205,163646.000,-0.998,2.031
2004-07-01,281350.000,0.791,5.106,164823.000,0.719,2.219
2004-08-01,281006.000,-0.122,3.841,164478.000,-0.209,1.292
2004-09-01,286866.000,2.085,6.163,167253.000,1.687,3.567
2004-10-01,287700.000,0.291,6.928,166916.000,-0.201,3.495
2004-11-01,289679.000,0.688,7.225,167199.000,0.170,3.301
2004-12-01,293401.000,1.285,8.047,169365.000,1.295,4.479
2005-01-01,290111.000,-1.121,6.476,167678.000,-0.996,3.441
2005-02-01,293710.000,1.241,7.053,169079.000,0.836,3.868
2005-03-01,294743.000,0.352,5.381,168917.000,-0.096,2.124
2005-04-01,297153.000,0.818,7.034,169914.000,0.590,3.599
2005-05-01,295314.000,-0.619,4.989,169025.000,-0.523,2.256
2005-06-01,305083.000,3.308,9.294,174093.000,2.998,6.384
2005-07-01,307320.000,0.733,9.230,174207.000,0.065,5.693
2005-08-01,303216.000,-1.335,7.904,171140.000,-1.761,4.050
2005-09-01,304187.000,0.320,6.038,169316.000,-1.066,1.233
2005-10-01,303989.000,-0.065,5.662,169138.000,-0.105,1.331
2005-11-01,306566.000,0.848,5.830,171489.000,1.390,2.566
2005-12-01,306723.000,0.051,4.541,171577.000,0.051,1.306
2006-01-01,315566.000,2.883,8.774,175446.000,2.255,4.633
2006-02-01,313440.000,-0.674,6.718,174033.000,-0.805,2.930
2006-03-01,314471.000,0.329,6.693,174440.000,0.234,3.270
2006-04-01,316094.000,0.516,6.374,174426.000,-0.008,2.655
2006-05-01,314919.000,-0.372,6.639,173318.000,-0.635,2.540
2006-06-01,316978.000,0.654,3.899,173833.000,0.297,-0.149
2006-07-01,317984.000,0.317,3.470,173443.000,-0.224,-0.439
2006-08-01,318802.000,0.257,5.140,173349.000,-0.054,1.291
2006-09-01,316400.000,-0.753,4.015,173195.000,-0.089,2.291
2006-10-01,316145.000,-0.081,3.999,173866.000,0.387,2.795
2006-11-01,317123.000,0.309,3.444,174315.000,0.258,1.648
2006-12-01,320312.000,1.006,4.430,175464.000,0.659,2.265
2007-01-01,320305.000,-0.002,1.502,174891.000,-0.327,-0.316
2007-02-01,321434.000,0.352,2.550,174584.000,-0.176,0.317
2007-03-01,323708.000,0.707,2.937,175078.000,0.283,0.366
2007-04-01,322878.000,-0.256,2.146,174140.000,-0.536,-0.164
2007-05-01,327266.000,1.359,3.921,175611.000,0.845,1.323
2007-06-01,324076.000,-0.975,2.239,173830.000,-1.014,-0.002
2007-07-01,325455.000,0.426,2.349,174260.000,0.247,0.471
2007-08-01,327444.000,0.611,2.711,175125.000,0.496,1.025
2007-09-01,328668.000,0.374,3.877,175106.000,-0.011,1.103
2007-10-01,330544.000,0.571,4.555,175593.000,0.278,0.993
2007-11-01,334021.000,1.052,5.329,175862.000,0.153,0.887
2007-12-01,329259.000,-1.426,2.793,173364.000,-1.420,-1.197
2008-01-01,330478.000,0.370,3.176,173145.000,-0.126,-0.998
2008-02-01,327869.000,-0.789,2.002,171203.000,-1.122,-1.937
2008-03-01,328493.000,0.190,1.478,171079.000,-0.072,-2.284
2008-04-01,328037.000,-0.139,1.598,170521.000,-0.326,-2.078
2008-05-01,331088.000,0.930,1.168,171116.000,0.349,-2.560
2008-06-01,331764.000,0.204,2.372,169650.000,-0.857,-2.405
2008-07-01,330301.000,-0.441,1.489,167839.000,-1.067,-3.685
2008-08-01,327296.000,-0.910,-0.045,166725.000,-0.664,-4.797
2008-09-01,321568.000,-1.750,-2.160,164015.000,-1.625,-6.334
2008-10-01,308968.000,-3.918,-6.527,159514.000,-2.744,-9.157
2008-11-01,295396.000,-4.393,-11.564,155990.000,-2.209,-11.300
2008-12-01,287571.000,-2.649,-12.661,153628.000,-1.514,-11.384
2009-01-01,292449.000,1.696,-11.507,155609.000,1.289,-10.128
2009-02-01,291429.000,-0.349,-11.114,154381.000,-0.789,-9.826
2009-03-01,286022.000,-1.855,-12.929,151831.000,-1.652,-11.251
2009-04-01,287530.000,0.527,-12.348,152473.000,0.423,-10.584
2009-05-01,290215.000,0.934,-12.345,153510.000,0.680,-10.289
2009-06-01,295458.000,1.807,-10.943,154675.000,0.759,-8.827
2009-07-01,296928.000,0.498,-10.104,155393.000,0.464,-7.415
2009-08-01,302871.000,2.001,-7.463,157621.000,1.434,-5.460
2009-09-01,294449.000,-2.781,-8.433,153338.000,-2.717,-6.510
2009-10-01,298067.000,1.229,-3.528,154541.000,0.785,-3.118
2009-11-01,300583.000,0.844,1.756,155280.000,0.478,-0.455
2009-12-01,301959.000,0.458,5.003,155850.000,0.367,1.446
2010-01-01,302325.000,0.121,3.377,155913.000,0.040,0.195
2010-02-01,302310.000,-0.005,3.734,156286.000,0.239,1.234
2010-03-01,309525.000,2.387,8.217,159636.000,2.144,5.141
2010-04-01,312143.000,0.846,8.560,160931.000,0.811,5.547
2010-05-01,309158.000,-0.956,6.527,159629.000,-0.809,3.986
2010-06-01,308588.000,-0.184,4.444,159538.000,-0.057,3.144
2010-07-01,309543.000,0.309,4.249,159744.000,0.129,2.800
2010-08-01,310761.000,0.393,2.605,160235.000,0.307,1.658
2010-09-01,313785.000,0.973,6.567,161346.000,0.693,5.222
2010-10-01,317699.000,1.247,6.586,162629.000,0.795,5.234
2010-11-01,320695.000,0.943,6.691,163691.000,0.653,5.417
2010-12-01,323421.000,0.850,7.108,164184.000,0.301,5.347
2011-01-01,325674.000,0.697,7.723,164745.000,0.342,5.665
2011-02-01,328049.000,0.729,8.514,165605.000,0.522,5.963
2011-03-01,331161.000,0.949,6.990,166233.000,0.379,4.133
2011-04-01,333189.000,0.612,6.742,166368.000,0.081,3.378
2011-05-01,332409.000,-0.234,7.521,165701.000,-0.401,3.804
2011-06-01,335108.000,0.812,8.594,167072.000,0.827,4.722
2011-07-01,334922.000,-0.056,8.199,166571.000,-0.300,4.274
2011-08-01,335163.000,0.072,7.852,166232.000,-0.204,3.743
2011-09-01,339011.000,1.148,8.039,167717.000,0.893,3.949
2011-10-01,341058.000,0.604,7.353,168559.000,0.502,3.646
2011-11-01,342214.000,0.339,6.710,168783.000,0.133,3.111
2011-12-01,343093.000,0.257,6.082,168990.000,0.123,2.927
2012-01-01,345656.000,0.747,6.136,170088.000,0.650,3.243
2012-02-01,350345.000,1.357,6.797,171818.000,1.017,3.752
2012-03-01,351748.000,0.400,6.217,172066.000,0.144,3.509
2012-04-01,349722.000,-0.576,4.962,171071.000,-0.578,2.827
2012-05-01,349064.000,-0.188,5.010,171121.000,0.029,3.271
2012-06-01,345339.000,-1.067,3.053,169742.000,-0.806,1.598
2012-07-01,346936.000,0.462,3.587,170474.000,0.431,2.343
2012-08-01,351782.000,1.397,4.958,171593.000,0.656,3.225
2012-09-01,354575.000,0.794,4.591,172145.000,0.322,2.640
2012-10-01,354747.000,0.049,4.014,171601.000,-0.316,1.805
2012-11-01,356158.000,0.398,4.075,172847.000,0.726,2.408
2012-12-01,357519.000,0.382,4.205,173467.000,0.359,2.649
2013-01-01,360257.000,0.766,4.224,174567.000,0.634,2.633
2013-02-01,365227.000,1.380,4.248,175635.000,0.612,2.222
2013-03-01,362148.000,-0.843,2.957,174884.000,-0.428,1.638
2013-04-01,360499.000,-0.455,3.082,174390.000,-0.282,1.940
2013-05-01,362842.000,0.650,3.947,175373.000,0.564,2.485
2013-06-01,364181.000,0.369,5.456,175491.000,0.067,3.387
2013-07-01,366243.000,0.566,5.565,176156.000,0.379,3.333
2013-08-01,365543.000,-0.191,3.912,175490.000,-0.378,2.271
2013-09-01,365668.000,0.034,3.129,175575.000,0.048,1.993
2013-10-01,366444.000,0.212,3.297,176061.000,0.277,2.599
2013-11-01,366868.000,0.116,3.007,176233.000,0.098,1.959
2013-12-01,369499.000,0.717,3.351,176727.000,0.280,1.879
2014-01-01,366684.000,-0.762,1.784,174918.000,-1.024,0.201
2014-02-01,371335.000,1.268,1.672,176923.000,1.146,0.733
2014-03-01,375285.000,1.064,3.628,178466.000,0.872,2.048
2014-04-01,379432.000,1.105,5.252,179959.000,0.837,3.193
2014-05-01,379787.000,0.094,4.670,179916.000,-0.024,2.590
2014-06-01,380618.000,0.219,4.513,180122.000,0.114,2.639
2014-07-01,381045.000,0.112,4.042,180245.000,0.068,2.321
2014-08-01,384017.000,0.780,5.054,181664.000,0.787,3.518
2014-09-01,382277.000,-0.453,4.542,181150.000,-0.283,3.175
2014-10-01,383323.000,0.274,4.606,181908.000,0.418,3.321
2014-11-01,384459.000,0.296,4.795,182761.000,0.469,3.704
2014-12-01,380682.000,-0.982,3.027,182056.000,-0.386,3.015
2015-01-01,378518.000,-0.568,3.227,182413.000,0.196,4.285
2015-02-01,377594.000,-0.244,1.686,181489.000,-0.507,2.581
2015-03-01,383681.000,1.612,2.237,183767.000,1.255,2.970
2015-04-01,383893.000,0.055,1.176,183924.000,0.085,2.203
2015-05-01,387155.000,0.850,1.940,184752.000,0.450,2.688
2015-06-01,387199.000,0.011,1.729,184279.000,-0.256,2.308
2015-07-01,390953.000,0.970,2.600,185663.000,0.751,3.006
2015-08-01,390570.000,-0.098,1.706,185625.000,-0.020,2.180
2015-09-01,388551.000,-0.517,1.641,185209.000,-0.224,2.241
2015-10-01,387066.000,-0.382,0.976,184532.000,-0.366,1.442
2015-11-01,388530.000,0.378,1.059,184988.000,0.247,1.219
2015-12-01,389551.000,0.263,2.330,185964.000,0.528,2.147
2016-01-01,387483.000,-0.531,2.368,184920.000,-0.561,1.374
2016-02-01,390029.000,0.657,3.293,186705.000,0.965,2.874
2016-03-01,388998.000,-0.264,1.386,185591.000,-0.597,0.993
2016-04-01,391112.000,0.543,1.880,185887.000,0.159,1.067
2016-05-01,392299.000,0.303,1.329,185964.000,0.041,0.656
2016-06-01,397113.000,1.227,2.560,187425.000,0.786,1.707
2016-07-01,396545.000,-0.143,1.430,187333.000,-0.049,0.899
2016-08-01,396293.000,-0.064,1.465,187053.000,-0.149,0.769
2016-09-01,398797.000,0.632,2.637,187853.000,0.428,1.428
2016-10-01,399637.000,0.211,3.248,187741.000,-0.060,1.739
2016-11-01,398680.000,-0.239,2.612,187539.000,-0.108,1.379
2016-12-01,405114.000,1.614,3.995,189297.000,0.937,1.792
2017-01-01,408269.000,0.779,5.364,190631.000,0.705,3.088
2017-02-01,408155.000,-0.028,4.647,190276.000,-0.186,1.913
2017-03-01,407630.000,-0.129,4.790,190114.000,-0.085,2.437
2017-04-01,409134.000,0.369,4.608,190536.000,0.222,2.501
2017-05-01,406609.000,-0.617,3.648,189650.000,-0.465,1.982
2017-06-01,409067.000,0.605,3.010,190500.000,0.448,1.641
2017-07-01,409113.000,0.011,3.169,190421.000,-0.041,1.648
2017-08-01,409606.000,0.121,3.359,190070.000,-0.184,1.613
2017-09-01,419021.000,2.299,5.071,193042.000,1.564,2.762
2017-10-01,418999.000,-0.005,4.845,193048.000,0.003,2.827
2017-11-01,423224.000,1.008,6.156,194493.000,0.749,3.708
2017-12-01,425545.000,0.548,5.043,195148.000,0.337,3.091
2018-01-01,423202.000,-0.551,3.658,193448.000,-0.871,1.478
2018-02-01,425507.000,0.545,4.251,193978.000,0.274,1.946
2018-03-01,425087.000,-0.099,4.283,193972.000,-0.003,2.029
2018-04-01,425899.000,0.191,4.098,193486.000,-0.251,1.548
2018-05-01,432340.000,1.512,6.328,196163.000,1.384,3.434
2018-06-01,430008.000,-0.539,5.119,195296.000,-0.442,2.518
2018-07-01,432070.000,0.480,5.611,196304.000,0.516,3.089
2018-08-01,432031.000,-0.009,5.475,196074.000,-0.117,3.159
2018-09-01,431438.000,-0.137,2.963,194902.000,-0.598,0.964
2018-10-01,435894.000,1.033,4.032,196389.000,0.763,1.731
2018-11-01,438612.000,0.624,3.636,197492.000,0.562,1.542
2018-12-01,428932.000,-2.207,0.796,193504.000,-2.019,-0.842
2019-01-01,430246.000,0.306,1.664,194187.000,0.353,0.382
2019-02-01,431194.000,0.220,1.337,194123.000,-0.033,0.075
2019-03-01,438196.000,1.624,3.084,196358.000,1.151,1.230
2019-04-01,437735.000,-0.105,2.779,195642.000,-0.365,1.114
2019-05-01,442514.000,1.092,2.353,197708.000,1.056,0.788
2019-06-01,442116.000,-0.090,2.816,197972.000,0.134,1.370
2019-07-01,445304.000,0.721,3.063,199018.000,0.528,1.383
2019-08-01,448519.000,0.722,3.816,200191.000,0.589,2.100
2019-09-01,444555.000,-0.884,3.040,198605.000,-0.792,1.900
2019-10-01,445627.000,0.241,2.233,198576.000,-0.015,1.114
2019-11-01,449040.000,0.766,2.377,199402.000,0.416,0.967
2019-12-01,449643.000,0.134,4.829,199461.000,0.030,3.078
2020-01-01,447774.000,-0.416,4.074,198790.000,-0.336,2.370
2020-02-01,447972.000,0.044,3.891,198777.000,-0.007,2.397
2020-03-01,420954.000,-6.031,-3.935,181467.000,-8.708,-7.584
2020-04-01,370296.000,-12.034,-15.406,156632.000,-13.686,-19.939
2020-05-01,437957.000,18.272,-1.030,187039.000,19.413,-5.396
2020-06-01,465800.000,6.357,5.357,201538.000,7.752,1.801
2020-07-01,471873.000,1.304,5.966,203716.000,1.081,2.361
2020-08-01,473696.000,0.386,5.613,204667.000,0.467,2.236
2020-09-01,482702.000,1.901,8.581,208195.000,1.724,4.829
2020-10-01,480763.000,-0.402,7.885,207097.000,-0.527,4.291
2020-11-01,478079.000,-0.558,6.467,204645.000,-1.184,2.629
2020-12-01,485949.000,1.646,8.074,205517.000,0.426,3.036
2021-01-01,501604.000,3.222,12.022,212927.000,3.606,7.112
2021-02-01,488805.000,-2.552,9.115,206732.000,-2.909,4.002
2021-03-01,539607.000,10.393,28.187,227898.000,10.238,25.586
2021-04-01,542199.000,0.480,46.423,228396.000,0.219,45.817
2021-05-01,536589.000,-1.035,22.521,225512.000,-1.263,20.570
2021-06-01,540152.000,0.664,15.962,226054.000,0.240,12.164
2021-07-01,528600.000,-2.139,12.022,221285.000,-2.110,8.624
2021-08-01,532477.000,0.733,12.409,222009.000,0.327,8.473
2021-09-01,536651.000,0.784,11.176,222555.000,0.246,6.897
2021-10-01,545361.000,1.623,13.437,223693.000,0.511,8.014
2021-11-01,551082.000,1.049,15.270,224111.000,0.187,9.512
2021-12-01,547277.000,-0.690,12.620,220771.000,-1.490,7.422
2022-01-01,560257.000,2.372,11.693,223510.000,1.241,4.970
2022-02-01,563777.000,0.628,15.338,224269.000,0.340,8.483
2022-03-01,574485.000,1.899,6.464,226470.000,0.981,-0.627
2022-04-01,580943.000,1.124,7.146,228772.000,1.016,0.165
2022-05-01,579844.000,-0.189,8.061,226519.000,-0.985,0.447
2022-06-01,585556.000,0.985,8.406,225746.000,-0.341,-0.136
2022-07-01,579267.000,-1.074,9.585,223622.000,-0.941,1.056
2022-08-01,581196.000,0.333,9.150,224814.000,0.533,1.263
2022-09-01,579446.000,-0.301,7.974,223282.000,-0.681,0.327
2022-10-01,585006.000,0.960,7.269,224402.000,0.502,0.317
2022-11-01,576356.000,-1.479,4.586,220770.000,-1.619,-1.491
2022-12-01,569119.000,-1.256,3.991,218121.000,-1.200,-1.200
2023-01-01,591964.000,4.014,5.659,226407.000,3.799,1.296
2023-02-01,586165.000,-0.980,3.971,222954.000,-1.525,-0.586
2023-03-01,578812.000,-1.254,0.753,220483.000,-1.108,-2.644
2023-04-01,583874.000,0.875,0.505,221389.000,0.411,-3.227
2023-05-01,586286.000,0.413,1.111,222178.000,0.356,-1.916
2023-06-01,588670.000,0.407,0.532,222663.000,0.218,-1.366
2023-07-01,589257.000,0.100,1.725,222715.000,0.023,-0.406
2023-08-01,595191.000,1.007,2.408,223675.000,0.431,-0.507
2023-09-01,598956.000,0.633,3.367,224288.000,0.274,0.451
2023-10-01,595517.000,-0.574,1.797,223027.000,-0.562,-0.613
2023-11-01,593567.000,-0.327,2.986,222446.000,-0.261,0.759
2023-12-01,594256.000,0.116,4.417,222287.000,-0.071,1.910
2024-01-01,588944.000,-0.894,-0.510,219648.000,-1.187,-2.985
2024-02-01,593206.000,0.724,1.201,220332.000,0.311,-1.176
2024-03-01,595969.000,0.466,2.964,220322.000,-0.005,-0.073
2024-04-01,595676.000,-0.049,2.021,219670.000,-0.296,-0.776
2024-05-01,600372.000,0.788,2.403,221235.000,0.712,-0.424
2024-06-01,599979.000,-0.065,1.921,221137.000,-0.044,-0.685
2024-07-01,605814.000,0.973,2.810,222867.000,0.782,0.068
2024-08-01,603719.000,-0.346,1.433,221932.000,-0.420,-0.779
2024-09-01,608701.000,0.825,1.627,223305.000,0.619,-0.438
2024-10-01,612570.000,0.636,2.864,224238.000,0.418,0.543
2024-11-01,616833.000,0.696,3.920,225043.000,0.359,1.167
2024-12-01,622396.000,0.902,4.735,225962.000,0.408,1.653
2025-01-01,615973.000,-1.032,4.589,222968.000,-1.325,1.512
2025-02-01,616714.000,0.120,3.963,222581.000,-0.174,1.021
2025-03-01,625121.000,1.363,4.892,226076.000,1.570,2.612
2025-04-01,623521.000,-0.256,4.675,225333.000,-0.329,2.578
2025-05-01,618037.000,-0.880,2.942,223377.000,-0.868,0.968
2025-06-01,624146.000,0.988,4.028,224894.000,0.679,1.699
2025-07-01,628620.000,0.717,3.765,225812.000,0.408,1.321
2025-08-01,632490.000,0.616,4.766,226373.000,0.248,2.001
